2026/05/05 22:54:51 Warning: failed to set GT_TOWN_ROOT in session global env: no tmux server running
2026/05/05 22:54:51 Loaded patrol config from /home/stevef/dev/freeride/gastown/mayor/daemon.json
2026/05/05 22:54:51 Set GT_DOLT_PORT=3307 from Dolt config (fallback)
2026/05/05 22:54:51 NATS server management enabled
2026/05/05 22:54:51 Daemon starting (PID 94093)
2026/05/05 22:54:51 Daemon running, recovery heartbeat interval 3m0s
2026/05/05 22:54:51 NATS server started
2026/05/05 22:54:51 Feed curator started
2026/05/05 22:54:51 Convoy: opened 1 beads store(s): [hq]
2026/05/05 22:54:51 Convoy manager started
2026/05/05 22:54:51 KRC pruner started
2026/05/05 22:54:51 Dolt backup ticker started (interval 15m0s)
2026/05/05 22:54:51 JSONL git backup ticker started (interval 15m0s)
2026/05/05 22:54:51 Wisp reaper ticker started (interval 30m0s)
2026/05/05 22:54:51 Doctor dog ticker started (interval 5m0s)
2026/05/05 22:54:51 Compactor dog ticker started (interval 24h0m0s)
2026/05/05 22:54:51 Checkpoint dog ticker started (interval 10m0s)
2026/05/05 22:54:51 Scheduled maintenance ticker started (check interval 5m0s, window 03:00)
2026/05/05 22:54:51 Main branch test ticker started (interval 30m0s)
2026/05/05 22:54:51 Heartbeat starting (recovery-focused)
2026/05/05 22:54:51 Convoy: stranded scan failed: ⚠️  WARNING: Town root is on branch 'pr/qa-features' (should be 'main')
2026/05/05 22:55:01 Convoy: running startup sweep for stranded convoys
2026/05/05 22:55:08 Deacon started successfully
2026/05/05 22:55:08 Spawning Boot for triage...
2026/05/05 22:55:08 Boot spawned successfully
2026/05/05 22:55:08 Deacon started 0s ago, awaiting first heartbeat...
2026/05/05 22:55:09 Planner session started successfully
2026/05/05 22:55:26 Mayor started successfully
2026/05/05 22:55:29 Scheduler dispatch: 
⚠️  WARNING: Town root is on branch 'pr/qa-features' (should be 'main')
   This can cause gt commands to fail. Run: gt doctor --fix

2026/05/05 22:55:29 Heartbeat complete (#1)
2026/05/05 22:55:29 Received signal terminated, shutting down
2026/05/05 22:55:29 Daemon shutting down
2026/05/05 22:55:29 Feed curator stopped
2026/05/05 22:55:29 Convoy: closed beads store (hq)
2026/05/05 22:55:29 Convoy manager stopped
2026/05/05 22:55:29 KRC pruner stopped
2026/05/05 22:55:29 Daemon stopped
2026/05/05 23:19:56 Loaded patrol config from /home/stevef/dev/freeride/gastown/mayor/daemon.json
2026/05/05 23:19:56 Set GT_DOLT_PORT=3307 from Dolt config (fallback)
2026/05/05 23:19:56 NATS server management enabled
2026/05/05 23:19:56 Daemon starting (PID 240669)
2026/05/05 23:19:56 Daemon running, recovery heartbeat interval 3m0s
2026/05/05 23:19:57 NATS server started
2026/05/05 23:19:57 Feed curator started
2026/05/05 23:19:57 Convoy: opened 1 beads store(s): [hq]
2026/05/05 23:19:57 Convoy manager started
2026/05/05 23:19:57 KRC pruner started
2026/05/05 23:19:57 Dolt backup ticker started (interval 15m0s)
2026/05/05 23:19:57 JSONL git backup ticker started (interval 15m0s)
2026/05/05 23:19:57 Wisp reaper ticker started (interval 30m0s)
2026/05/05 23:19:57 Doctor dog ticker started (interval 5m0s)
2026/05/05 23:19:57 Compactor dog ticker started (interval 24h0m0s)
2026/05/05 23:19:57 Checkpoint dog ticker started (interval 10m0s)
2026/05/05 23:19:57 Scheduled maintenance ticker started (check interval 5m0s, window 03:00)
2026/05/05 23:19:57 Main branch test ticker started (interval 30m0s)
2026/05/05 23:19:57 Heartbeat starting (recovery-focused)
2026/05/05 23:19:57 Spawning Boot for triage...
2026/05/05 23:20:01 Boot spawned successfully
2026/05/05 23:20:01 Handler: no dispatchable idle dogs available, deferring remaining plugins
2026/05/05 23:20:03 Scheduler dispatch: 
⚠️  WARNING: Town root is on branch 'pr/qa-features' (should be 'main')
   This can cause gt commands to fail. Run: gt doctor --fix

2026/05/05 23:20:03 Heartbeat complete (#1)
2026/05/05 23:20:07 Convoy: running startup sweep for stranded convoys
2026/05/05 23:21:42 Convoy: close detected: hq-wisp-wisp-4xs (from hq)
2026/05/05 23:22:22 Convoy: close detected: hq-wisp-tom4 (from hq)
2026/05/05 23:22:56 Heartbeat starting (recovery-focused)
2026/05/05 23:22:57 Spawning Boot for triage...
2026/05/05 23:23:01 Boot spawned successfully
2026/05/05 23:23:01 Handler: no dispatchable idle dogs available, deferring remaining plugins
2026/05/05 23:23:04 Scheduler dispatch: 
⚠️  WARNING: Town root is on branch 'pr/qa-features' (should be 'main')
   This can cause gt commands to fail. Run: gt doctor --fix

2026/05/05 23:23:04 Heartbeat complete (#2)
2026/05/05 23:24:12 Convoy: close detected: hq-wisp-wisp-m52z (from hq)
2026/05/05 23:24:12 Convoy: close detected: hq-wisp-wisp-eawc (from hq)
2026/05/05 23:24:47 Convoy: close detected: hq-wisp-wisp-2do (from hq)
2026/05/05 23:24:57 doctor_dog: pouring molecule for agent execution
2026/05/05 23:24:57 Convoy: close detected: hq-wisp-i784 (from hq)
2026/05/05 23:24:57 dog_molecule: discover steps: parse children JSON for hq-wisp-wisp-xh4r failed: unrecognized JSON shape: {
  "hq-wisp-wisp-xh4r": [],
  "schema_version": 1
}
2026/05/05 23:24:57 dog_molecule: poured mol-dog-doctor → hq-wisp-wisp-xh4r (0 steps)
2026/05/05 23:24:57 doctor_dog: poured mol-dog-doctor → hq-wisp-wisp-xh4r
2026/05/05 23:24:57 dog_molecule: closeRemainingSteps: parse children JSON for hq-wisp-wisp-xh4r failed: unrecognized JSON shape: {
  "hq-wisp-wisp-xh4r": [],
  "schema_version": 1
}
2026/05/05 23:25:02 Convoy: close detected: hq-wisp-wisp-xh4r (from hq)
2026/05/05 23:26:04 Heartbeat starting (recovery-focused)
2026/05/05 23:26:04 Spawning Boot for triage...
2026/05/05 23:26:08 Boot spawned successfully
2026/05/05 23:26:08 Handler: no dispatchable idle dogs available, deferring remaining plugins
2026/05/05 23:26:11 Scheduler dispatch: 
⚠️  WARNING: Town root is on branch 'pr/qa-features' (should be 'main')
   This can cause gt commands to fail. Run: gt doctor --fix

2026/05/05 23:26:11 Heartbeat complete (#3)
2026/05/05 23:27:52 Convoy: close detected: hq-wisp-wisp-gx6 (from hq)
2026/05/05 23:28:07 Convoy: close detected: hq-wisp-r3sk (from hq)
2026/05/05 23:29:11 Heartbeat starting (recovery-focused)
2026/05/05 23:29:11 Spawning Boot for triage...
2026/05/05 23:29:12 Convoy: close detected: hq-wisp-wisp-mqc7 (from hq)
2026/05/05 23:29:12 Convoy: close detected: hq-wisp-wisp-ds72 (from hq)
2026/05/05 23:29:15 Boot spawned successfully
2026/05/05 23:29:15 Handler: no dispatchable idle dogs available, deferring remaining plugins
2026/05/05 23:29:18 Scheduler dispatch: 
⚠️  WARNING: Town root is on branch 'pr/qa-features' (should be 'main')
   This can cause gt commands to fail. Run: gt doctor --fix

2026/05/05 23:29:18 Heartbeat complete (#4)
2026/05/05 23:29:57 doctor_dog: pouring molecule for agent execution
2026/05/05 23:29:57 dog_molecule: discover steps: parse children JSON for hq-wisp-wisp-tj4p failed: unrecognized JSON shape: {
  "hq-wisp-wisp-tj4p": [],
  "schema_version": 1
}
2026/05/05 23:29:57 dog_molecule: poured mol-dog-doctor → hq-wisp-wisp-tj4p (0 steps)
2026/05/05 23:29:57 doctor_dog: poured mol-dog-doctor → hq-wisp-wisp-tj4p
2026/05/05 23:29:57 dog_molecule: closeRemainingSteps: parse children JSON for hq-wisp-wisp-tj4p failed: unrecognized JSON shape: {
  "hq-wisp-wisp-tj4p": [],
  "schema_version": 1
}
2026/05/05 23:29:57 checkpoint_dog: starting cycle
2026/05/05 23:29:57 dog_molecule: discover steps: parse children JSON for hq-wisp-wisp-eg5p failed: unrecognized JSON shape: {
  "hq-wisp-wisp-eg5p": [],
  "schema_version": 1
}
2026/05/05 23:29:57 dog_molecule: poured mol-dog-checkpoint → hq-wisp-wisp-eg5p (0 steps)
2026/05/05 23:29:57 dog_molecule: closeStep "scan": unknown step (known: [])
2026/05/05 23:29:57 dog_molecule: closeStep "checkpoint": unknown step (known: [])
2026/05/05 23:29:57 checkpoint_dog: cycle complete — scanned 0 worktrees, checkpointed 0
2026/05/05 23:29:57 dog_molecule: closeStep "report": unknown step (known: [])
2026/05/05 23:29:57 dog_molecule: closeRemainingSteps: parse children JSON for hq-wisp-wisp-eg5p failed: unrecognized JSON shape: {
  "hq-wisp-wisp-eg5p": [],
  "schema_version": 1
}
2026/05/05 23:30:02 Convoy: close detected: hq-wisp-wisp-tj4p (from hq)
2026/05/05 23:30:02 Convoy: close detected: hq-wisp-wisp-eg5p (from hq)
2026/05/05 23:30:52 Convoy: close detected: hq-wisp-wisp-6aj (from hq)
2026/05/05 23:31:17 Convoy: close detected: hq-wisp-i027 (from hq)
2026/05/05 23:32:18 Heartbeat starting (recovery-focused)
2026/05/05 23:32:18 Spawning Boot for triage...
2026/05/05 23:32:22 Boot spawned successfully
2026/05/05 23:32:23 Handler: no dispatchable idle dogs available, deferring remaining plugins
2026/05/05 23:32:25 Scheduler dispatch: 
⚠️  WARNING: Town root is on branch 'pr/qa-features' (should be 'main')
   This can cause gt commands to fail. Run: gt doctor --fix

2026/05/05 23:32:25 Heartbeat complete (#5)
2026/05/05 23:33:57 Convoy: close detected: hq-wisp-wisp-2kr (from hq)
2026/05/05 23:34:12 Convoy: close detected: hq-wisp-wisp-vhqo (from hq)
2026/05/05 23:34:22 Convoy: close detected: hq-wisp-da8v (from hq)
2026/05/05 23:34:57 doctor_dog: pouring molecule for agent execution
2026/05/05 23:34:57 dog_molecule: discover steps: parse children JSON for hq-wisp-wisp-ctgh failed: unrecognized JSON shape: {
  "hq-wisp-wisp-ctgh": [],
  "schema_version": 1
}
2026/05/05 23:34:57 dog_molecule: poured mol-dog-doctor → hq-wisp-wisp-ctgh (0 steps)
2026/05/05 23:34:57 doctor_dog: poured mol-dog-doctor → hq-wisp-wisp-ctgh
2026/05/05 23:34:57 dog_molecule: closeRemainingSteps: parse children JSON for hq-wisp-wisp-ctgh failed: unrecognized JSON shape: {
  "hq-wisp-wisp-ctgh": [],
  "schema_version": 1
}
2026/05/05 23:34:57 dog_molecule: discover steps: parse children JSON for hq-wisp-wisp-mo53 failed: unrecognized JSON shape: {
  "hq-wisp-wisp-mo53": [],
  "schema_version": 1
}
2026/05/05 23:34:57 dog_molecule: poured mol-dog-jsonl → hq-wisp-wisp-mo53 (0 steps)
2026/05/05 23:34:57 jsonl_git_backup: git repo /home/stevef/.dolt-archive/git does not exist, skipping
2026/05/05 23:34:57 dog_molecule: closeRemainingSteps: parse children JSON for hq-wisp-wisp-mo53 failed: unrecognized JSON shape: {
  "hq-wisp-wisp-mo53": [],
  "schema_version": 1
}
2026/05/05 23:35:02 Convoy: close detected: hq-wisp-wisp-mo53 (from hq)
2026/05/05 23:35:02 Convoy: close detected: hq-wisp-wisp-ctgh (from hq)
2026/05/05 23:35:25 Heartbeat starting (recovery-focused)
2026/05/05 23:35:25 Spawning Boot for triage...
2026/05/05 23:35:29 Boot spawned successfully
2026/05/05 23:35:30 Handler: no dispatchable idle dogs available, deferring remaining plugins
2026/05/05 23:35:32 Scheduler dispatch: 
⚠️  WARNING: Town root is on branch 'pr/qa-features' (should be 'main')
   This can cause gt commands to fail. Run: gt doctor --fix

2026/05/05 23:35:32 Heartbeat complete (#6)
2026/05/05 23:37:02 Convoy: close detected: hq-wisp-wisp-8ty (from hq)
2026/05/05 23:37:12 Convoy: close detected: hq-wisp-6jca (from hq)
2026/05/05 23:38:32 Heartbeat starting (recovery-focused)
2026/05/05 23:38:32 Spawning Boot for triage...
2026/05/05 23:38:37 Boot spawned successfully
2026/05/05 23:38:37 Handler: no dispatchable idle dogs available, deferring remaining plugins
2026/05/05 23:38:39 Scheduler dispatch: 
⚠️  WARNING: Town root is on branch 'pr/qa-features' (should be 'main')
   This can cause gt commands to fail. Run: gt doctor --fix

2026/05/05 23:38:39 Heartbeat complete (#7)
2026/05/05 23:39:12 Convoy: close detected: hq-wisp-wisp-ldcl (from hq)
2026/05/05 23:39:12 Convoy: close detected: hq-wisp-wisp-3m2d (from hq)
2026/05/05 23:39:12 Convoy: close detected: hq-wisp-wisp-ygrv (from hq)
2026/05/05 23:39:12 Convoy: close detected: hq-wisp-wisp-3t8s (from hq)
2026/05/05 23:39:57 doctor_dog: pouring molecule for agent execution
2026/05/05 23:39:57 dog_molecule: discover steps: parse children JSON for hq-wisp-wisp-9py6 failed: unrecognized JSON shape: {
  "hq-wisp-wisp-9py6": [],
  "schema_version": 1
}
2026/05/05 23:39:57 dog_molecule: poured mol-dog-doctor → hq-wisp-wisp-9py6 (0 steps)
2026/05/05 23:39:57 doctor_dog: poured mol-dog-doctor → hq-wisp-wisp-9py6
2026/05/05 23:39:57 dog_molecule: closeRemainingSteps: parse children JSON for hq-wisp-wisp-9py6 failed: unrecognized JSON shape: {
  "hq-wisp-wisp-9py6": [],
  "schema_version": 1
}
2026/05/05 23:39:57 checkpoint_dog: starting cycle
2026/05/05 23:39:57 dog_molecule: discover steps: parse children JSON for hq-wisp-wisp-9lq9 failed: unrecognized JSON shape: {
  "hq-wisp-wisp-9lq9": [],
  "schema_version": 1
}
2026/05/05 23:39:57 dog_molecule: poured mol-dog-checkpoint → hq-wisp-wisp-9lq9 (0 steps)
2026/05/05 23:39:57 dog_molecule: closeStep "scan": unknown step (known: [])
2026/05/05 23:39:57 dog_molecule: closeStep "checkpoint": unknown step (known: [])
2026/05/05 23:39:57 checkpoint_dog: cycle complete — scanned 0 worktrees, checkpointed 0
2026/05/05 23:39:57 dog_molecule: closeStep "report": unknown step (known: [])
2026/05/05 23:39:57 dog_molecule: closeRemainingSteps: parse children JSON for hq-wisp-wisp-9lq9 failed: unrecognized JSON shape: {
  "hq-wisp-wisp-9lq9": [],
  "schema_version": 1
}
2026/05/05 23:40:02 Convoy: close detected: hq-wisp-wisp-9py6 (from hq)
2026/05/05 23:40:02 Convoy: close detected: hq-wisp-wisp-9lq9 (from hq)
2026/05/05 23:40:02 Convoy: close detected: hq-wisp-wisp-0rm (from hq)
2026/05/05 23:41:39 Heartbeat starting (recovery-focused)
2026/05/05 23:41:39 Spawning Boot for triage...
2026/05/05 23:41:44 Boot spawned successfully
2026/05/05 23:41:44 Handler: no dispatchable idle dogs available, deferring remaining plugins
2026/05/05 23:41:47 Scheduler dispatch: 
⚠️  WARNING: Town root is on branch 'pr/qa-features' (should be 'main')
   This can cause gt commands to fail. Run: gt doctor --fix

2026/05/05 23:41:47 Heartbeat complete (#8)
2026/05/05 23:43:02 Convoy: close detected: hq-wisp-ruh2 (from hq)
2026/05/05 23:43:07 Convoy: close detected: hq-wisp-wisp-e0z (from hq)
2026/05/05 23:44:12 Convoy: close detected: hq-wisp-wisp-cwgf (from hq)
2026/05/05 23:44:47 Heartbeat starting (recovery-focused)
2026/05/05 23:44:47 Spawning Boot for triage...
2026/05/05 23:44:51 Boot spawned successfully
2026/05/05 23:44:52 Convoy: close detected: hq-wisp-0moj (from hq)
2026/05/05 23:44:52 Handler: no dispatchable idle dogs available, deferring remaining plugins
2026/05/05 23:44:54 Scheduler dispatch: 
⚠️  WARNING: Town root is on branch 'pr/qa-features' (should be 'main')
   This can cause gt commands to fail. Run: gt doctor --fix

2026/05/05 23:44:54 Heartbeat complete (#9)
2026/05/05 23:44:57 doctor_dog: pouring molecule for agent execution
2026/05/05 23:44:57 dog_molecule: discover steps: parse children JSON for hq-wisp-wisp-2pzw failed: unrecognized JSON shape: {
  "hq-wisp-wisp-2pzw": [],
  "schema_version": 1
}
2026/05/05 23:44:57 dog_molecule: poured mol-dog-doctor → hq-wisp-wisp-2pzw (0 steps)
2026/05/05 23:44:57 doctor_dog: poured mol-dog-doctor → hq-wisp-wisp-2pzw
2026/05/05 23:44:57 dog_molecule: closeRemainingSteps: parse children JSON for hq-wisp-wisp-2pzw failed: unrecognized JSON shape: {
  "hq-wisp-wisp-2pzw": [],
  "schema_version": 1
}
2026/05/05 23:45:02 Convoy: close detected: hq-wisp-wisp-2pzw (from hq)
2026/05/05 23:46:12 Convoy: close detected: hq-wisp-wisp-5n6 (from hq)
2026/05/05 23:47:27 Convoy: close detected: hq-wisp-jjta (from hq)
2026/05/05 23:47:54 Heartbeat starting (recovery-focused)
2026/05/05 23:47:54 Spawning Boot for triage...
2026/05/05 23:47:59 Boot spawned successfully
2026/05/05 23:48:02 Scheduler dispatch: 
⚠️  WARNING: Town root is on branch 'pr/qa-features' (should be 'main')
   This can cause gt commands to fail. Run: gt doctor --fix

2026/05/05 23:48:02 Heartbeat complete (#10)
2026/05/05 23:49:12 Convoy: close detected: hq-wisp-wisp-gbvt (from hq)
2026/05/05 23:49:12 Convoy: close detected: hq-wisp-wisp-gbfw (from hq)
2026/05/05 23:49:17 Convoy: close detected: hq-wisp-wisp-s32 (from hq)
2026/05/05 23:49:47 Convoy: close detected: hq-wisp-b1cw (from hq)
2026/05/05 23:49:57 main_branch_test: starting patrol cycle
2026/05/05 23:49:57 main_branch_test: no rigs found
2026/05/05 23:49:57 checkpoint_dog: starting cycle
2026/05/05 23:49:57 dog_molecule: discover steps: parse children JSON for hq-wisp-wisp-0v01 failed: unrecognized JSON shape: {
  "hq-wisp-wisp-0v01": [],
  "schema_version": 1
}
2026/05/05 23:49:57 dog_molecule: poured mol-dog-checkpoint → hq-wisp-wisp-0v01 (0 steps)
2026/05/05 23:49:57 dog_molecule: closeStep "scan": unknown step (known: [])
2026/05/05 23:49:57 dog_molecule: closeStep "checkpoint": unknown step (known: [])
2026/05/05 23:49:57 checkpoint_dog: cycle complete — scanned 0 worktrees, checkpointed 0
2026/05/05 23:49:57 dog_molecule: closeStep "report": unknown step (known: [])
2026/05/05 23:49:57 dog_molecule: closeRemainingSteps: parse children JSON for hq-wisp-wisp-0v01 failed: unrecognized JSON shape: {
  "hq-wisp-wisp-0v01": [],
  "schema_version": 1
}
2026/05/05 23:49:57 dog_molecule: discover steps: parse children JSON for hq-wisp-wisp-02x6 failed: unrecognized JSON shape: {
  "hq-wisp-wisp-02x6": [],
  "schema_version": 1
}
2026/05/05 23:49:57 dog_molecule: poured mol-dog-jsonl → hq-wisp-wisp-02x6 (0 steps)
2026/05/05 23:49:57 jsonl_git_backup: git repo /home/stevef/.dolt-archive/git does not exist, skipping
2026/05/05 23:49:57 dog_molecule: closeRemainingSteps: parse children JSON for hq-wisp-wisp-02x6 failed: unrecognized JSON shape: {
  "hq-wisp-wisp-02x6": [],
  "schema_version": 1
}
2026/05/05 23:49:57 doctor_dog: pouring molecule for agent execution
2026/05/05 23:49:57 dog_molecule: discover steps: parse children JSON for hq-wisp-wisp-sz85 failed: unrecognized JSON shape: {
  "hq-wisp-wisp-sz85": [],
  "schema_version": 1
}
2026/05/05 23:49:57 dog_molecule: poured mol-dog-doctor → hq-wisp-wisp-sz85 (0 steps)
2026/05/05 23:49:57 doctor_dog: poured mol-dog-doctor → hq-wisp-wisp-sz85
2026/05/05 23:49:57 dog_molecule: closeRemainingSteps: parse children JSON for hq-wisp-wisp-sz85 failed: unrecognized JSON shape: {
  "hq-wisp-wisp-sz85": [],
  "schema_version": 1
}
2026/05/05 23:49:57 dog_molecule: discover steps: parse children JSON for hq-wisp-wisp-mz3j failed: unrecognized JSON shape: {
  "hq-wisp-wisp-mz3j": [],
  "schema_version": 1
}
2026/05/05 23:49:57 dog_molecule: poured mol-dog-reaper → hq-wisp-wisp-mz3j (0 steps)
2026/05/05 23:49:58 wisp_reaper: Dog dispatch failed (gt sling: exit status 1), running inline fallback
2026/05/05 23:49:58 wisp_reaper: scanning 5 databases (inline fallback)
2026/05/05 23:49:58 dog_molecule: closeStep "scan": unknown step (known: [])
2026/05/05 23:49:58 dog_molecule: closeStep "reap": unknown step (known: [])
2026/05/05 23:49:58 dog_molecule: closeStep "purge": unknown step (known: [])
2026/05/05 23:49:58 dog_molecule: closeStep "auto-close": unknown step (known: [])
2026/05/05 23:49:58 wisp_reaper: cycle complete — reaped=0 purged=0 mail_purged=0 plugin_closed=0 dispatch_closed=0 auto_closed=0 open=16 databases=5 dryRun=false
2026/05/05 23:49:58 dog_molecule: closeStep "report": unknown step (known: [])
2026/05/05 23:49:58 dog_molecule: closeRemainingSteps: parse children JSON for hq-wisp-wisp-mz3j failed: unrecognized JSON shape: {
  "hq-wisp-wisp-mz3j": [],
  "schema_version": 1
}
2026/05/05 23:50:02 Convoy: close detected: hq-wisp-wisp-0v01 (from hq)
2026/05/05 23:50:02 Convoy: close detected: hq-wisp-wisp-sz85 (from hq)
2026/05/05 23:50:02 Convoy: close detected: hq-wisp-wisp-02x6 (from hq)
2026/05/05 23:50:02 Convoy: close detected: hq-wisp-wisp-mz3j (from hq)
2026/05/05 23:51:02 Heartbeat starting (recovery-focused)
2026/05/05 23:51:02 Spawning Boot for triage...
2026/05/05 23:51:06 Boot spawned successfully
2026/05/05 23:51:09 Scheduler dispatch: 
⚠️  WARNING: Town root is on branch 'pr/qa-features' (should be 'main')
   This can cause gt commands to fail. Run: gt doctor --fix

2026/05/05 23:51:09 Heartbeat complete (#11)
2026/05/05 23:52:17 Convoy: close detected: hq-wisp-wisp-03l (from hq)
2026/05/05 23:54:09 Heartbeat starting (recovery-focused)
2026/05/05 23:54:09 Spawning Boot for triage...
2026/05/05 23:54:12 Convoy: close detected: hq-wisp-oipl (from hq)
2026/05/05 23:54:12 Convoy: close detected: hq-wisp-wisp-3hqz (from hq)
2026/05/05 23:54:12 Convoy: close detected: hq-wisp-wisp-5k6h (from hq)
2026/05/05 23:54:14 Boot spawned successfully
2026/05/05 23:54:15 Handler: no dispatchable idle dogs available, deferring remaining plugins
2026/05/05 23:54:17 Scheduler dispatch: 
⚠️  WARNING: Town root is on branch 'pr/qa-features' (should be 'main')
   This can cause gt commands to fail. Run: gt doctor --fix

2026/05/05 23:54:17 Heartbeat complete (#12)
2026/05/05 23:54:57 doctor_dog: pouring molecule for agent execution
2026/05/05 23:54:57 dog_molecule: discover steps: parse children JSON for hq-wisp-wisp-vmil failed: unrecognized JSON shape: {
  "hq-wisp-wisp-vmil": [],
  "schema_version": 1
}
2026/05/05 23:54:57 dog_molecule: poured mol-dog-doctor → hq-wisp-wisp-vmil (0 steps)
2026/05/05 23:54:57 doctor_dog: poured mol-dog-doctor → hq-wisp-wisp-vmil
2026/05/05 23:54:57 dog_molecule: closeRemainingSteps: parse children JSON for hq-wisp-wisp-vmil failed: unrecognized JSON shape: {
  "hq-wisp-wisp-vmil": [],
  "schema_version": 1
}
2026/05/05 23:55:02 Convoy: close detected: hq-wisp-wisp-vmil (from hq)
2026/05/05 23:55:22 Convoy: close detected: hq-wisp-wisp-awx (from hq)
2026/05/05 23:55:47 Convoy: close detected: hq-wisp-ctu8 (from hq)
2026/05/05 23:57:17 Heartbeat starting (recovery-focused)
2026/05/05 23:57:17 Spawning Boot for triage...
2026/05/05 23:57:21 Boot spawned successfully
2026/05/05 23:57:25 Scheduler dispatch: 
⚠️  WARNING: Town root is on branch 'pr/qa-features' (should be 'main')
   This can cause gt commands to fail. Run: gt doctor --fix

2026/05/05 23:57:25 Heartbeat complete (#13)
2026/05/05 23:58:42 Convoy: close detected: hq-wisp-wisp-a5q9 (from hq)
2026/05/05 23:58:42 Convoy: close detected: hq-wisp-wisp-oo5q (from hq)
2026/05/05 23:59:12 Convoy: close detected: hq-wisp-wisp-fl5y (from hq)
2026/05/05 23:59:12 Convoy: close detected: hq-wisp-wisp-hcqe (from hq)
2026/05/05 23:59:12 Convoy: close detected: hq-wisp-wisp-hjjn (from hq)
2026/05/05 23:59:12 Convoy: close detected: hq-wisp-wisp-zlqn (from hq)
2026/05/05 23:59:22 Convoy: close detected: hq-wisp-wisp-xzmt (from hq)
2026/05/05 23:59:32 Convoy: close detected: hq-wisp-wisp-l8ha (from hq)
2026/05/05 23:59:52 Convoy: close detected: hq-wisp-wisp-57y3 (from hq)
2026/05/05 23:59:52 Convoy: close detected: hq-wisp-wisp-owa7 (from hq)
2026/05/05 23:59:52 Convoy: close detected: hq-wisp-wisp-c9st (from hq)
2026/05/05 23:59:57 doctor_dog: pouring molecule for agent execution
2026/05/05 23:59:57 dog_molecule: discover steps: parse children JSON for hq-wisp-wisp-l5pn failed: unrecognized JSON shape: {
  "hq-wisp-wisp-l5pn": [],
  "schema_version": 1
}
2026/05/05 23:59:57 dog_molecule: poured mol-dog-doctor → hq-wisp-wisp-l5pn (0 steps)
2026/05/05 23:59:57 doctor_dog: poured mol-dog-doctor → hq-wisp-wisp-l5pn
2026/05/05 23:59:57 dog_molecule: closeRemainingSteps: parse children JSON for hq-wisp-wisp-l5pn failed: unrecognized JSON shape: {
  "hq-wisp-wisp-l5pn": [],
  "schema_version": 1
}
2026/05/05 23:59:57 checkpoint_dog: starting cycle
2026/05/05 23:59:57 dog_molecule: discover steps: parse children JSON for hq-wisp-wisp-sy1m failed: unrecognized JSON shape: {
  "hq-wisp-wisp-sy1m": [],
  "schema_version": 1
}
2026/05/05 23:59:57 dog_molecule: poured mol-dog-checkpoint → hq-wisp-wisp-sy1m (0 steps)
2026/05/05 23:59:57 dog_molecule: closeStep "scan": unknown step (known: [])
2026/05/05 23:59:57 dog_molecule: closeStep "checkpoint": unknown step (known: [])
2026/05/05 23:59:57 checkpoint_dog: cycle complete — scanned 0 worktrees, checkpointed 0
2026/05/05 23:59:57 dog_molecule: closeStep "report": unknown step (known: [])
2026/05/05 23:59:57 dog_molecule: closeRemainingSteps: parse children JSON for hq-wisp-wisp-sy1m failed: unrecognized JSON shape: {
  "hq-wisp-wisp-sy1m": [],
  "schema_version": 1
}
2026/05/06 00:00:02 Convoy: close detected: hq-wisp-wisp-l5pn (from hq)
2026/05/06 00:00:02 Convoy: close detected: hq-wisp-wisp-sy1m (from hq)
2026/05/06 00:00:02 Convoy: close detected: hq-wisp-wisp-g5ii (from hq)
2026/05/06 00:00:07 Convoy: close detected: hq-wisp-wisp-gjkq (from hq)
2026/05/06 00:00:25 Heartbeat starting (recovery-focused)
2026/05/06 00:00:25 Spawning Boot for triage...
2026/05/06 00:00:29 Boot spawned successfully
2026/05/06 00:00:29 Handler: no dispatchable idle dogs available, deferring remaining plugins
2026/05/06 00:00:32 Scheduler dispatch: 
⚠️  WARNING: Town root is on branch 'pr/qa-features' (should be 'main')
   This can cause gt commands to fail. Run: gt doctor --fix

2026/05/06 00:00:32 Heartbeat complete (#14)
2026/05/06 00:01:32 Convoy: close detected: hq-wisp-wisp-n1y (from hq)
2026/05/06 00:03:32 Convoy: close detected: hq-wisp-sk1j (from hq)
2026/05/06 00:03:32 Heartbeat starting (recovery-focused)
2026/05/06 00:03:32 Spawning Boot for triage...
2026/05/06 00:03:36 Boot spawned successfully
2026/05/06 00:03:37 Handler: no dispatchable idle dogs available, deferring remaining plugins
2026/05/06 00:03:39 Scheduler dispatch: 
⚠️  WARNING: Town root is on branch 'pr/qa-features' (should be 'main')
   This can cause gt commands to fail. Run: gt doctor --fix

2026/05/06 00:03:39 Heartbeat complete (#15)
2026/05/06 00:04:12 Convoy: close detected: hq-wisp-wisp-34vs (from hq)
2026/05/06 00:04:32 Convoy: close detected: hq-wisp-wisp-sj6 (from hq)
2026/05/06 00:04:57 dog_molecule: discover steps: parse children JSON for hq-wisp-wisp-24kw failed: unrecognized JSON shape: {
  "hq-wisp-wisp-24kw": [],
  "schema_version": 1
}
2026/05/06 00:04:57 dog_molecule: poured mol-dog-jsonl → hq-wisp-wisp-24kw (0 steps)
2026/05/06 00:04:57 jsonl_git_backup: git repo /home/stevef/.dolt-archive/git does not exist, skipping
2026/05/06 00:04:57 dog_molecule: closeRemainingSteps: parse children JSON for hq-wisp-wisp-24kw failed: unrecognized JSON shape: {
  "hq-wisp-wisp-24kw": [],
  "schema_version": 1
}
2026/05/06 00:04:57 doctor_dog: pouring molecule for agent execution
2026/05/06 00:04:57 dog_molecule: discover steps: parse children JSON for hq-wisp-wisp-towm failed: unrecognized JSON shape: {
  "hq-wisp-wisp-towm": [],
  "schema_version": 1
}
2026/05/06 00:04:57 dog_molecule: poured mol-dog-doctor → hq-wisp-wisp-towm (0 steps)
2026/05/06 00:04:57 doctor_dog: poured mol-dog-doctor → hq-wisp-wisp-towm
2026/05/06 00:04:57 dog_molecule: closeRemainingSteps: parse children JSON for hq-wisp-wisp-towm failed: unrecognized JSON shape: {
  "hq-wisp-wisp-towm": [],
  "schema_version": 1
}
2026/05/06 00:05:02 Convoy: close detected: hq-wisp-wisp-24kw (from hq)
2026/05/06 00:05:02 Convoy: close detected: hq-wisp-wisp-towm (from hq)
2026/05/06 00:05:07 Convoy: close detected: hq-wisp-4o4k (from hq)
2026/05/06 00:06:39 Heartbeat starting (recovery-focused)
2026/05/06 00:06:39 Spawning Boot for triage...
2026/05/06 00:06:43 Boot spawned successfully
2026/05/06 00:06:44 Handler: no dispatchable idle dogs available, deferring remaining plugins
2026/05/06 00:06:46 Scheduler dispatch: 
⚠️  WARNING: Town root is on branch 'pr/qa-features' (should be 'main')
   This can cause gt commands to fail. Run: gt doctor --fix

2026/05/06 00:06:46 Heartbeat complete (#16)
2026/05/06 00:07:37 Convoy: close detected: hq-wisp-wisp-8vw (from hq)
2026/05/06 00:08:02 Convoy: close detected: hq-wisp-wisp-5gnj (from hq)
2026/05/06 00:08:02 Convoy: close detected: hq-wisp-v3ln (from hq)
2026/05/06 00:09:12 Convoy: close detected: hq-wisp-wisp-zutb (from hq)
2026/05/06 00:09:46 Heartbeat starting (recovery-focused)
2026/05/06 00:09:46 Spawning Boot for triage...
2026/05/06 00:09:51 Boot spawned successfully
2026/05/06 00:09:54 Scheduler dispatch: 
⚠️  WARNING: Town root is on branch 'pr/qa-features' (should be 'main')
   This can cause gt commands to fail. Run: gt doctor --fix

2026/05/06 00:09:54 Heartbeat complete (#17)
2026/05/06 00:09:57 doctor_dog: pouring molecule for agent execution
2026/05/06 00:09:57 dog_molecule: discover steps: parse children JSON for hq-wisp-wisp-kv7p failed: unrecognized JSON shape: {
  "hq-wisp-wisp-kv7p": [],
  "schema_version": 1
}
2026/05/06 00:09:57 dog_molecule: poured mol-dog-doctor → hq-wisp-wisp-kv7p (0 steps)
2026/05/06 00:09:57 doctor_dog: poured mol-dog-doctor → hq-wisp-wisp-kv7p
2026/05/06 00:09:57 dog_molecule: closeRemainingSteps: parse children JSON for hq-wisp-wisp-kv7p failed: unrecognized JSON shape: {
  "hq-wisp-wisp-kv7p": [],
  "schema_version": 1
}
2026/05/06 00:09:57 checkpoint_dog: starting cycle
2026/05/06 00:09:57 dog_molecule: discover steps: parse children JSON for hq-wisp-wisp-ykv0 failed: unrecognized JSON shape: {
  "hq-wisp-wisp-ykv0": [],
  "schema_version": 1
}
2026/05/06 00:09:57 dog_molecule: poured mol-dog-checkpoint → hq-wisp-wisp-ykv0 (0 steps)
2026/05/06 00:09:57 dog_molecule: closeStep "scan": unknown step (known: [])
2026/05/06 00:09:57 dog_molecule: closeStep "checkpoint": unknown step (known: [])
2026/05/06 00:09:57 checkpoint_dog: cycle complete — scanned 0 worktrees, checkpointed 0
2026/05/06 00:09:57 dog_molecule: closeStep "report": unknown step (known: [])
2026/05/06 00:09:57 dog_molecule: closeRemainingSteps: parse children JSON for hq-wisp-wisp-ykv0 failed: unrecognized JSON shape: {
  "hq-wisp-wisp-ykv0": [],
  "schema_version": 1
}
2026/05/06 00:10:02 Convoy: close detected: hq-wisp-wisp-ykv0 (from hq)
2026/05/06 00:10:02 Convoy: close detected: hq-wisp-wisp-kv7p (from hq)
2026/05/06 00:12:32 Convoy: close detected: hq-wisp-wisp-z5k6 (from hq)
2026/05/06 00:12:32 Convoy: close detected: hq-wisp-wisp-qb11 (from hq)
2026/05/06 00:12:32 Convoy: close detected: hq-wisp-wisp-16vr (from hq)
2026/05/06 00:12:47 Convoy: close detected: hq-wisp-wisp-wh2m (from hq)
2026/05/06 00:12:54 Heartbeat starting (recovery-focused)
2026/05/06 00:12:54 Spawning Boot for triage...
2026/05/06 00:12:58 Boot spawned successfully
2026/05/06 00:12:58 Handler: no dispatchable idle dogs available, deferring remaining plugins
2026/05/06 00:13:01 Scheduler dispatch: 
⚠️  WARNING: Town root is on branch 'pr/qa-features' (should be 'main')
   This can cause gt commands to fail. Run: gt doctor --fix

2026/05/06 00:13:01 Heartbeat complete (#18)
2026/05/06 00:13:17 Convoy: close detected: hq-wisp-wisp-d6i0 (from hq)
2026/05/06 00:13:17 Convoy: close detected: hq-wisp-wisp-p0jw (from hq)
2026/05/06 00:13:22 Convoy: close detected: hq-wisp-wisp-8foc (from hq)
2026/05/06 00:14:02 Convoy: close detected: hq-wisp-wisp-09g3 (from hq)
2026/05/06 00:14:02 Convoy: close detected: hq-wisp-wisp-qlag (from hq)
2026/05/06 00:14:02 Convoy: close detected: hq-wisp-wisp-287r (from hq)
2026/05/06 00:14:12 Convoy: close detected: hq-wisp-wisp-3x94j (from hq)
2026/05/06 00:14:17 Convoy: close detected: hq-wisp-wisp-96xm (from hq)
2026/05/06 00:14:17 Convoy: close detected: hq-wisp-wisp-6mexy (from hq)
2026/05/06 00:14:22 Convoy: close detected: hq-wisp-wisp-0jzpt (from hq)
2026/05/06 00:14:42 Convoy: close detected: hq-wisp-wisp-xl8b (from hq)
2026/05/06 00:14:57 doctor_dog: pouring molecule for agent execution
2026/05/06 00:14:57 dog_molecule: discover steps: parse children JSON for hq-wisp-wisp-di0lu failed: unrecognized JSON shape: {
  "hq-wisp-wisp-di0lu": [],
  "schema_version": 1
}
2026/05/06 00:14:57 dog_molecule: poured mol-dog-doctor → hq-wisp-wisp-di0lu (0 steps)
2026/05/06 00:14:57 doctor_dog: poured mol-dog-doctor → hq-wisp-wisp-di0lu
2026/05/06 00:14:57 dog_molecule: closeRemainingSteps: parse children JSON for hq-wisp-wisp-di0lu failed: unrecognized JSON shape: {
  "hq-wisp-wisp-di0lu": [],
  "schema_version": 1
}
2026/05/06 00:15:02 Convoy: close detected: hq-wisp-wisp-di0lu (from hq)
2026/05/06 00:15:12 Convoy: close detected: hq-wisp-wisp-immp7 (from hq)
2026/05/06 00:15:37 Convoy: close detected: hq-wisp-wisp-3so (from hq)
2026/05/06 00:16:01 Heartbeat starting (recovery-focused)
2026/05/06 00:16:01 Spawning Boot for triage...
2026/05/06 00:16:02 Convoy: close detected: hq-wisp-dji5 (from hq)
2026/05/06 00:16:05 Boot spawned successfully
2026/05/06 00:16:06 Handler: no dispatchable idle dogs available, deferring remaining plugins
2026/05/06 00:16:08 Scheduler dispatch: 
⚠️  WARNING: Town root is on branch 'pr/qa-features' (should be 'main')
   This can cause gt commands to fail. Run: gt doctor --fix

2026/05/06 00:16:08 Heartbeat complete (#19)
2026/05/06 00:18:42 Convoy: close detected: hq-wisp-wisp-51m (from hq)
2026/05/06 00:18:52 Convoy: close detected: hq-wisp-w4ld (from hq)
2026/05/06 00:19:08 Heartbeat starting (recovery-focused)
2026/05/06 00:19:08 Spawning Boot for triage...
2026/05/06 00:19:12 Convoy: close detected: hq-wisp-wisp-dszhp (from hq)
2026/05/06 00:19:12 Convoy: close detected: hq-wisp-wisp-9gt1g (from hq)
2026/05/06 00:19:12 Boot spawned successfully
2026/05/06 00:19:16 Scheduler dispatch: 
⚠️  WARNING: Town root is on branch 'pr/qa-features' (should be 'main')
   This can cause gt commands to fail. Run: gt doctor --fix

2026/05/06 00:19:16 Heartbeat complete (#20)
2026/05/06 00:19:57 dog_molecule: discover steps: parse children JSON for hq-wisp-wisp-ipa45 failed: unrecognized JSON shape: {
  "hq-wisp-wisp-ipa45": [],
  "schema_version": 1
}
2026/05/06 00:19:57 dog_molecule: poured mol-dog-jsonl → hq-wisp-wisp-ipa45 (0 steps)
2026/05/06 00:19:57 jsonl_git_backup: git repo /home/stevef/.dolt-archive/git does not exist, skipping
2026/05/06 00:19:57 dog_molecule: closeRemainingSteps: parse children JSON for hq-wisp-wisp-ipa45 failed: unrecognized JSON shape: {
  "hq-wisp-wisp-ipa45": [],
  "schema_version": 1
}
2026/05/06 00:19:57 dog_molecule: discover steps: parse children JSON for hq-wisp-wisp-6jz40 failed: unrecognized JSON shape: {
  "hq-wisp-wisp-6jz40": [],
  "schema_version": 1
}
2026/05/06 00:19:57 dog_molecule: poured mol-dog-reaper → hq-wisp-wisp-6jz40 (0 steps)
2026/05/06 00:19:57 wisp_reaper: Dog dispatch failed (gt sling: exit status 1), running inline fallback
2026/05/06 00:19:57 wisp_reaper: scanning 5 databases (inline fallback)
2026/05/06 00:19:57 dog_molecule: closeStep "scan": unknown step (known: [])
2026/05/06 00:19:57 dog_molecule: closeStep "reap": unknown step (known: [])
2026/05/06 00:19:57 dog_molecule: closeStep "purge": unknown step (known: [])
2026/05/06 00:19:57 dog_molecule: closeStep "auto-close": unknown step (known: [])
2026/05/06 00:19:57 wisp_reaper: cycle complete — reaped=0 purged=0 mail_purged=0 plugin_closed=0 dispatch_closed=0 auto_closed=0 open=17 databases=5 dryRun=false
2026/05/06 00:19:57 dog_molecule: closeStep "report": unknown step (known: [])
2026/05/06 00:19:57 dog_molecule: closeRemainingSteps: parse children JSON for hq-wisp-wisp-6jz40 failed: unrecognized JSON shape: {
  "hq-wisp-wisp-6jz40": [],
  "schema_version": 1
}
2026/05/06 00:19:57 doctor_dog: pouring molecule for agent execution
2026/05/06 00:19:57 dog_molecule: discover steps: parse children JSON for hq-wisp-wisp-3boov failed: unrecognized JSON shape: {
  "hq-wisp-wisp-3boov": [],
  "schema_version": 1
}
2026/05/06 00:19:57 dog_molecule: poured mol-dog-doctor → hq-wisp-wisp-3boov (0 steps)
2026/05/06 00:19:57 doctor_dog: poured mol-dog-doctor → hq-wisp-wisp-3boov
2026/05/06 00:19:57 dog_molecule: closeRemainingSteps: parse children JSON for hq-wisp-wisp-3boov failed: unrecognized JSON shape: {
  "hq-wisp-wisp-3boov": [],
  "schema_version": 1
}
2026/05/06 00:19:58 checkpoint_dog: starting cycle
2026/05/06 00:19:58 dog_molecule: discover steps: parse children JSON for hq-wisp-wisp-ywrfz failed: unrecognized JSON shape: {
  "hq-wisp-wisp-ywrfz": [],
  "schema_version": 1
}
2026/05/06 00:19:58 dog_molecule: poured mol-dog-checkpoint → hq-wisp-wisp-ywrfz (0 steps)
2026/05/06 00:19:58 dog_molecule: closeStep "scan": unknown step (known: [])
2026/05/06 00:19:58 dog_molecule: closeStep "checkpoint": unknown step (known: [])
2026/05/06 00:19:58 checkpoint_dog: cycle complete — scanned 0 worktrees, checkpointed 0
2026/05/06 00:19:58 dog_molecule: closeStep "report": unknown step (known: [])
2026/05/06 00:19:58 dog_molecule: closeRemainingSteps: parse children JSON for hq-wisp-wisp-ywrfz failed: unrecognized JSON shape: {
  "hq-wisp-wisp-ywrfz": [],
  "schema_version": 1
}
2026/05/06 00:19:58 main_branch_test: starting patrol cycle
2026/05/06 00:19:58 main_branch_test: no rigs found
2026/05/06 00:20:02 Convoy: close detected: hq-wisp-wisp-6jz40 (from hq)
2026/05/06 00:20:02 Convoy: close detected: hq-wisp-wisp-3boov (from hq)
2026/05/06 00:20:02 Convoy: close detected: hq-wisp-wisp-ipa45 (from hq)
2026/05/06 00:20:02 Convoy: close detected: hq-wisp-wisp-ywrfz (from hq)
2026/05/06 00:21:47 Convoy: close detected: hq-wisp-wisp-c7u (from hq)
2026/05/06 00:22:02 Convoy: close detected: hq-wisp-sijo (from hq)
2026/05/06 00:22:16 Heartbeat starting (recovery-focused)
2026/05/06 00:22:16 Spawning Boot for triage...
2026/05/06 00:22:20 Boot spawned successfully
2026/05/06 00:22:20 Handler: no dispatchable idle dogs available, deferring remaining plugins
2026/05/06 00:22:23 Scheduler dispatch: 
⚠️  WARNING: Town root is on branch 'pr/qa-features' (should be 'main')
   This can cause gt commands to fail. Run: gt doctor --fix

2026/05/06 00:22:23 Heartbeat complete (#21)
2026/05/06 00:24:12 Convoy: close detected: hq-wisp-wisp-bov4x (from hq)
2026/05/06 00:24:12 Convoy: close detected: hq-wisp-wisp-z3w6w (from hq)
2026/05/06 00:24:47 Convoy: close detected: hq-wisp-wisp-6ed (from hq)
2026/05/06 00:24:57 doctor_dog: pouring molecule for agent execution
2026/05/06 00:24:57 dog_molecule: discover steps: parse children JSON for hq-wisp-wisp-iw3sk failed: unrecognized JSON shape: {
  "hq-wisp-wisp-iw3sk": [],
  "schema_version": 1
}
2026/05/06 00:24:57 dog_molecule: poured mol-dog-doctor → hq-wisp-wisp-iw3sk (0 steps)
2026/05/06 00:24:57 doctor_dog: poured mol-dog-doctor → hq-wisp-wisp-iw3sk
2026/05/06 00:24:57 dog_molecule: closeRemainingSteps: parse children JSON for hq-wisp-wisp-iw3sk failed: unrecognized JSON shape: {
  "hq-wisp-wisp-iw3sk": [],
  "schema_version": 1
}
2026/05/06 00:25:02 Convoy: close detected: hq-wisp-wisp-iw3sk (from hq)
2026/05/06 00:25:02 Convoy: close detected: hq-wisp-4e10 (from hq)
2026/05/06 00:25:23 Heartbeat starting (recovery-focused)
2026/05/06 00:25:23 Spawning Boot for triage...
2026/05/06 00:25:27 Boot spawned successfully
2026/05/06 00:25:28 Handler: no dispatchable idle dogs available, deferring remaining plugins
2026/05/06 00:25:30 Scheduler dispatch: 
⚠️  WARNING: Town root is on branch 'pr/qa-features' (should be 'main')
   This can cause gt commands to fail. Run: gt doctor --fix

2026/05/06 00:25:30 Heartbeat complete (#22)
2026/05/06 00:27:52 Convoy: close detected: hq-wisp-wisp-e4u (from hq)
2026/05/06 00:28:22 Convoy: close detected: hq-wisp-uwfh (from hq)
2026/05/06 00:28:30 Heartbeat starting (recovery-focused)
2026/05/06 00:28:30 Spawning Boot for triage...
2026/05/06 00:28:35 Boot spawned successfully
2026/05/06 00:28:38 Scheduler dispatch: 
⚠️  WARNING: Town root is on branch 'pr/qa-features' (should be 'main')
   This can cause gt commands to fail. Run: gt doctor --fix

2026/05/06 00:28:38 Heartbeat complete (#23)
2026/05/06 00:29:12 Convoy: close detected: hq-wisp-wisp-15h50 (from hq)
2026/05/06 00:29:12 Convoy: close detected: hq-wisp-wisp-0v1ok (from hq)
2026/05/06 00:29:57 doctor_dog: pouring molecule for agent execution
2026/05/06 00:29:57 dog_molecule: discover steps: parse children JSON for hq-wisp-wisp-p3eqp failed: unrecognized JSON shape: {
  "hq-wisp-wisp-p3eqp": [],
  "schema_version": 1
}
2026/05/06 00:29:57 dog_molecule: poured mol-dog-doctor → hq-wisp-wisp-p3eqp (0 steps)
2026/05/06 00:29:57 doctor_dog: poured mol-dog-doctor → hq-wisp-wisp-p3eqp
2026/05/06 00:29:57 dog_molecule: closeRemainingSteps: parse children JSON for hq-wisp-wisp-p3eqp failed: unrecognized JSON shape: {
  "hq-wisp-wisp-p3eqp": [],
  "schema_version": 1
}
2026/05/06 00:29:57 checkpoint_dog: starting cycle
2026/05/06 00:29:57 dog_molecule: discover steps: parse children JSON for hq-wisp-wisp-81507 failed: unrecognized JSON shape: {
  "hq-wisp-wisp-81507": [],
  "schema_version": 1
}
2026/05/06 00:29:57 dog_molecule: poured mol-dog-checkpoint → hq-wisp-wisp-81507 (0 steps)
2026/05/06 00:29:57 dog_molecule: closeStep "scan": unknown step (known: [])
2026/05/06 00:29:57 dog_molecule: closeStep "checkpoint": unknown step (known: [])
2026/05/06 00:29:57 checkpoint_dog: cycle complete — scanned 0 worktrees, checkpointed 0
2026/05/06 00:29:57 dog_molecule: closeStep "report": unknown step (known: [])
2026/05/06 00:29:57 dog_molecule: closeRemainingSteps: parse children JSON for hq-wisp-wisp-81507 failed: unrecognized JSON shape: {
  "hq-wisp-wisp-81507": [],
  "schema_version": 1
}
2026/05/06 00:30:02 Convoy: close detected: hq-wisp-wisp-p3eqp (from hq)
2026/05/06 00:30:02 Convoy: close detected: hq-wisp-wisp-81507 (from hq)
2026/05/06 00:30:57 Convoy: close detected: hq-wisp-wisp-8su (from hq)
2026/05/06 00:31:22 Convoy: close detected: hq-wisp-meip (from hq)
2026/05/06 00:31:38 Heartbeat starting (recovery-focused)
2026/05/06 00:31:38 Spawning Boot for triage...
2026/05/06 00:31:42 Boot spawned successfully
2026/05/06 00:31:46 Scheduler dispatch: 
⚠️  WARNING: Town root is on branch 'pr/qa-features' (should be 'main')
   This can cause gt commands to fail. Run: gt doctor --fix

2026/05/06 00:31:46 Heartbeat complete (#24)
2026/05/06 00:34:12 Convoy: close detected: hq-wisp-wisp-mxd0s (from hq)
2026/05/06 00:34:17 Convoy: close detected: hq-wisp-wisp-8uqty (from hq)
2026/05/06 00:34:37 Convoy: close detected: hq-wisp-wisp-go3oe (from hq)
2026/05/06 00:34:46 Heartbeat starting (recovery-focused)
2026/05/06 00:34:46 Spawning Boot for triage...
2026/05/06 00:34:50 Boot spawned successfully
2026/05/06 00:34:54 Scheduler dispatch: 
⚠️  WARNING: Town root is on branch 'pr/qa-features' (should be 'main')
   This can cause gt commands to fail. Run: gt doctor --fix

2026/05/06 00:34:54 Heartbeat complete (#25)
2026/05/06 00:34:57 doctor_dog: pouring molecule for agent execution
2026/05/06 00:34:57 dog_molecule: discover steps: parse children JSON for hq-wisp-wisp-w21vo failed: unrecognized JSON shape: {
  "hq-wisp-wisp-w21vo": [],
  "schema_version": 1
}
2026/05/06 00:34:57 dog_molecule: poured mol-dog-doctor → hq-wisp-wisp-w21vo (0 steps)
2026/05/06 00:34:57 doctor_dog: poured mol-dog-doctor → hq-wisp-wisp-w21vo
2026/05/06 00:34:57 dog_molecule: closeRemainingSteps: parse children JSON for hq-wisp-wisp-w21vo failed: unrecognized JSON shape: {
  "hq-wisp-wisp-w21vo": [],
  "schema_version": 1
}
2026/05/06 00:34:57 dog_molecule: discover steps: parse children JSON for hq-wisp-wisp-hqrta failed: unrecognized JSON shape: {
  "hq-wisp-wisp-hqrta": [],
  "schema_version": 1
}
2026/05/06 00:34:57 dog_molecule: poured mol-dog-jsonl → hq-wisp-wisp-hqrta (0 steps)
2026/05/06 00:34:57 jsonl_git_backup: git repo /home/stevef/.dolt-archive/git does not exist, skipping
2026/05/06 00:34:57 dog_molecule: closeRemainingSteps: parse children JSON for hq-wisp-wisp-hqrta failed: unrecognized JSON shape: {
  "hq-wisp-wisp-hqrta": [],
  "schema_version": 1
}
2026/05/06 00:35:02 Convoy: close detected: hq-wisp-wisp-w21vo (from hq)
2026/05/06 00:35:02 Convoy: close detected: hq-wisp-wisp-hqrta (from hq)
2026/05/06 00:35:02 Convoy: close detected: hq-wisp-wisp-5yeqk (from hq)
2026/05/06 00:35:32 Convoy: close detected: hq-wisp-wisp-vjnni (from hq)
2026/05/06 00:35:32 Convoy: close detected: hq-wisp-wisp-3eodu (from hq)
2026/05/06 00:35:37 Convoy: close detected: hq-wisp-wisp-9fzmp (from hq)
2026/05/06 00:35:37 Convoy: close detected: hq-wisp-wisp-7409j (from hq)
2026/05/06 00:35:42 Convoy: close detected: hq-wisp-wisp-u53xk (from hq)
2026/05/06 00:36:02 Convoy: close detected: hq-wisp-wisp-qplkl (from hq)
2026/05/06 00:36:02 Convoy: close detected: hq-wisp-wisp-hdii0 (from hq)
2026/05/06 00:36:02 Convoy: close detected: hq-wisp-wisp-4im3z (from hq)
2026/05/06 00:36:07 Convoy: close detected: hq-wisp-wisp-55w8x (from hq)
2026/05/06 00:36:12 Convoy: close detected: hq-wisp-wisp-u5gsr (from hq)
2026/05/06 00:36:12 Convoy: close detected: hq-wisp-wisp-nyctu (from hq)
2026/05/06 00:36:22 Convoy: close detected: hq-wisp-wisp-gi51v (from hq)
2026/05/06 00:36:27 Convoy: close detected: hq-wisp-wisp-kxrlc (from hq)
2026/05/06 00:36:32 Convoy: close detected: hq-wisp-wisp-z6x50 (from hq)
2026/05/06 00:36:42 Convoy: close detected: hq-wisp-wisp-edrdk (from hq)
2026/05/06 00:36:47 Convoy: close detected: hq-wisp-wisp-s083b (from hq)
2026/05/06 00:36:52 Convoy: close detected: hq-wisp-wisp-dkdsi (from hq)
2026/05/06 00:37:02 Convoy: close detected: hq-wisp-wisp-ylg9u (from hq)
2026/05/06 00:37:07 Convoy: close detected: hq-wisp-wisp-agc (from hq)
2026/05/06 00:37:54 Heartbeat starting (recovery-focused)
2026/05/06 00:37:54 Spawning Boot for triage...
2026/05/06 00:37:59 Boot spawned successfully
2026/05/06 00:37:59 Handler: no dispatchable idle dogs available, deferring remaining plugins
2026/05/06 00:38:01 Scheduler dispatch: 
⚠️  WARNING: Town root is on branch 'pr/qa-features' (should be 'main')
   This can cause gt commands to fail. Run: gt doctor --fix

2026/05/06 00:38:01 Heartbeat complete (#26)
2026/05/06 00:38:07 Convoy: close detected: hq-wisp-q644 (from hq)
2026/05/06 00:39:12 Convoy: close detected: hq-wisp-wisp-9xc8w (from hq)
2026/05/06 00:39:12 Convoy: close detected: hq-wisp-wisp-7pl7x (from hq)
2026/05/06 00:39:12 Convoy: close detected: hq-wisp-wisp-jhqqk (from hq)
2026/05/06 00:39:12 Convoy: close detected: hq-wisp-wisp-9jirv (from hq)
2026/05/06 00:39:57 doctor_dog: pouring molecule for agent execution
2026/05/06 00:39:57 dog_molecule: discover steps: parse children JSON for hq-wisp-wisp-tnmm4 failed: unrecognized JSON shape: {
  "hq-wisp-wisp-tnmm4": [],
  "schema_version": 1
}
2026/05/06 00:39:57 dog_molecule: poured mol-dog-doctor → hq-wisp-wisp-tnmm4 (0 steps)
2026/05/06 00:39:57 doctor_dog: poured mol-dog-doctor → hq-wisp-wisp-tnmm4
2026/05/06 00:39:57 dog_molecule: closeRemainingSteps: parse children JSON for hq-wisp-wisp-tnmm4 failed: unrecognized JSON shape: {
  "hq-wisp-wisp-tnmm4": [],
  "schema_version": 1
}
2026/05/06 00:39:57 checkpoint_dog: starting cycle
2026/05/06 00:39:57 dog_molecule: discover steps: parse children JSON for hq-wisp-wisp-eeui3 failed: unrecognized JSON shape: {
  "hq-wisp-wisp-eeui3": [],
  "schema_version": 1
}
2026/05/06 00:39:57 dog_molecule: poured mol-dog-checkpoint → hq-wisp-wisp-eeui3 (0 steps)
2026/05/06 00:39:57 dog_molecule: closeStep "scan": unknown step (known: [])
2026/05/06 00:39:57 dog_molecule: closeStep "checkpoint": unknown step (known: [])
2026/05/06 00:39:57 checkpoint_dog: cycle complete — scanned 0 worktrees, checkpointed 0
2026/05/06 00:39:57 dog_molecule: closeStep "report": unknown step (known: [])
2026/05/06 00:39:57 dog_molecule: closeRemainingSteps: parse children JSON for hq-wisp-wisp-eeui3 failed: unrecognized JSON shape: {
  "hq-wisp-wisp-eeui3": [],
  "schema_version": 1
}
2026/05/06 00:40:02 Convoy: close detected: hq-wisp-wisp-tnmm4 (from hq)
2026/05/06 00:40:02 Convoy: close detected: hq-wisp-wisp-eeui3 (from hq)
2026/05/06 00:40:07 Convoy: close detected: hq-wisp-wisp-9f9 (from hq)
2026/05/06 00:40:22 Convoy: close detected: hq-wisp-t6y1 (from hq)
2026/05/06 00:41:01 Heartbeat starting (recovery-focused)
2026/05/06 00:41:01 Spawning Boot for triage...
2026/05/06 00:41:06 Boot spawned successfully
2026/05/06 00:41:06 Handler: no dispatchable idle dogs available, deferring remaining plugins
2026/05/06 00:41:09 Scheduler dispatch: 
⚠️  WARNING: Town root is on branch 'pr/qa-features' (should be 'main')
   This can cause gt commands to fail. Run: gt doctor --fix

2026/05/06 00:41:09 Heartbeat complete (#27)
2026/05/06 00:43:12 Convoy: close detected: hq-wisp-wisp-88q (from hq)
2026/05/06 00:43:37 Convoy: close detected: hq-wisp-61qd (from hq)
2026/05/06 00:44:09 Heartbeat starting (recovery-focused)
2026/05/06 00:44:09 Spawning Boot for triage...
2026/05/06 00:44:12 Convoy: close detected: hq-wisp-wisp-adpyk (from hq)
2026/05/06 00:44:13 Boot spawned successfully
2026/05/06 00:44:13 Handler: no dispatchable idle dogs available, deferring remaining plugins
2026/05/06 00:44:16 Scheduler dispatch: 
⚠️  WARNING: Town root is on branch 'pr/qa-features' (should be 'main')
   This can cause gt commands to fail. Run: gt doctor --fix

2026/05/06 00:44:16 Heartbeat complete (#28)
2026/05/06 00:44:57 doctor_dog: pouring molecule for agent execution
2026/05/06 00:44:57 dog_molecule: discover steps: parse children JSON for hq-wisp-wisp-qjwb9 failed: unrecognized JSON shape: {
  "hq-wisp-wisp-qjwb9": [],
  "schema_version": 1
}
2026/05/06 00:44:57 dog_molecule: poured mol-dog-doctor → hq-wisp-wisp-qjwb9 (0 steps)
2026/05/06 00:44:57 doctor_dog: poured mol-dog-doctor → hq-wisp-wisp-qjwb9
2026/05/06 00:44:58 dog_molecule: closeRemainingSteps: parse children JSON for hq-wisp-wisp-qjwb9 failed: unrecognized JSON shape: {
  "hq-wisp-wisp-qjwb9": [],
  "schema_version": 1
}
2026/05/06 00:45:02 Convoy: close detected: hq-wisp-wisp-qjwb9 (from hq)
2026/05/06 00:46:17 Convoy: close detected: hq-wisp-wisp-dlo (from hq)
2026/05/06 00:47:16 Heartbeat starting (recovery-focused)
2026/05/06 00:47:16 Spawning Boot for triage...
2026/05/06 00:47:20 Boot spawned successfully
2026/05/06 00:47:23 Scheduler dispatch: 
⚠️  WARNING: Town root is on branch 'pr/qa-features' (should be 'main')
   This can cause gt commands to fail. Run: gt doctor --fix

2026/05/06 00:47:23 Heartbeat complete (#29)
2026/05/06 00:47:37 Convoy: close detected: hq-wisp-kc94 (from hq)
2026/05/06 00:49:12 Convoy: close detected: hq-wisp-wisp-io8r7 (from hq)
2026/05/06 00:49:12 Convoy: close detected: hq-wisp-wisp-j8y2a (from hq)
2026/05/06 00:49:22 Convoy: close detected: hq-wisp-wisp-9sle1 (from hq)
2026/05/06 00:49:27 Convoy: close detected: hq-wisp-wisp-zq1lf (from hq)
2026/05/06 00:49:37 Convoy: close detected: hq-wisp-wisp-ftfn8 (from hq)
2026/05/06 00:49:57 doctor_dog: pouring molecule for agent execution
2026/05/06 00:49:57 dog_molecule: discover steps: parse children JSON for hq-wisp-wisp-vdfn6 failed: unrecognized JSON shape: {
  "hq-wisp-wisp-vdfn6": [],
  "schema_version": 1
}
2026/05/06 00:49:57 dog_molecule: poured mol-dog-doctor → hq-wisp-wisp-vdfn6 (0 steps)
2026/05/06 00:49:57 doctor_dog: poured mol-dog-doctor → hq-wisp-wisp-vdfn6
2026/05/06 00:49:57 dog_molecule: closeRemainingSteps: parse children JSON for hq-wisp-wisp-vdfn6 failed: unrecognized JSON shape: {
  "hq-wisp-wisp-vdfn6": [],
  "schema_version": 1
}
2026/05/06 00:49:57 main_branch_test: starting patrol cycle
2026/05/06 00:49:57 main_branch_test: no rigs found
2026/05/06 00:49:57 dog_molecule: discover steps: parse children JSON for hq-wisp-wisp-pwe0j failed: unrecognized JSON shape: {
  "hq-wisp-wisp-pwe0j": [],
  "schema_version": 1
}
2026/05/06 00:49:57 dog_molecule: poured mol-dog-reaper → hq-wisp-wisp-pwe0j (0 steps)
2026/05/06 00:49:57 wisp_reaper: Dog dispatch failed (gt sling: exit status 1), running inline fallback
2026/05/06 00:49:57 wisp_reaper: scanning 5 databases (inline fallback)
2026/05/06 00:49:57 dog_molecule: closeStep "scan": unknown step (known: [])
2026/05/06 00:49:57 dog_molecule: closeStep "reap": unknown step (known: [])
2026/05/06 00:49:57 dog_molecule: closeStep "purge": unknown step (known: [])
2026/05/06 00:49:57 dog_molecule: closeStep "auto-close": unknown step (known: [])
2026/05/06 00:49:57 wisp_reaper: cycle complete — reaped=0 purged=0 mail_purged=0 plugin_closed=0 dispatch_closed=0 auto_closed=0 open=19 databases=5 dryRun=false
2026/05/06 00:49:57 dog_molecule: closeStep "report": unknown step (known: [])
2026/05/06 00:49:57 dog_molecule: closeRemainingSteps: parse children JSON for hq-wisp-wisp-pwe0j failed: unrecognized JSON shape: {
  "hq-wisp-wisp-pwe0j": [],
  "schema_version": 1
}
2026/05/06 00:49:57 checkpoint_dog: starting cycle
2026/05/06 00:49:57 dog_molecule: discover steps: parse children JSON for hq-wisp-wisp-lfnos failed: unrecognized JSON shape: {
  "hq-wisp-wisp-lfnos": [],
  "schema_version": 1
}
2026/05/06 00:49:57 dog_molecule: poured mol-dog-checkpoint → hq-wisp-wisp-lfnos (0 steps)
2026/05/06 00:49:57 dog_molecule: closeStep "scan": unknown step (known: [])
2026/05/06 00:49:57 dog_molecule: closeStep "checkpoint": unknown step (known: [])
2026/05/06 00:49:57 checkpoint_dog: cycle complete — scanned 0 worktrees, checkpointed 0
2026/05/06 00:49:57 dog_molecule: closeStep "report": unknown step (known: [])
2026/05/06 00:49:57 dog_molecule: closeRemainingSteps: parse children JSON for hq-wisp-wisp-lfnos failed: unrecognized JSON shape: {
  "hq-wisp-wisp-lfnos": [],
  "schema_version": 1
}
2026/05/06 00:49:58 dog_molecule: discover steps: parse children JSON for hq-wisp-wisp-9ptgr failed: unrecognized JSON shape: {
  "hq-wisp-wisp-9ptgr": [],
  "schema_version": 1
}
2026/05/06 00:49:58 dog_molecule: poured mol-dog-jsonl → hq-wisp-wisp-9ptgr (0 steps)
2026/05/06 00:49:58 jsonl_git_backup: git repo /home/stevef/.dolt-archive/git does not exist, skipping
2026/05/06 00:49:58 dog_molecule: closeRemainingSteps: parse children JSON for hq-wisp-wisp-9ptgr failed: unrecognized JSON shape: {
  "hq-wisp-wisp-9ptgr": [],
  "schema_version": 1
}
2026/05/06 00:50:02 Convoy: close detected: hq-wisp-wisp-vdfn6 (from hq)
2026/05/06 00:50:02 Convoy: close detected: hq-wisp-wisp-pwe0j (from hq)
2026/05/06 00:50:02 Convoy: close detected: hq-wisp-wisp-9ptgr (from hq)
2026/05/06 00:50:02 Convoy: close detected: hq-wisp-wisp-lfnos (from hq)
2026/05/06 00:50:23 Heartbeat starting (recovery-focused)
2026/05/06 00:50:23 Spawning Boot for triage...
2026/05/06 00:50:27 Boot spawned successfully
2026/05/06 00:50:32 Scheduler dispatch: 
⚠️  WARNING: Town root is on branch 'pr/qa-features' (should be 'main')
   This can cause gt commands to fail. Run: gt doctor --fix

2026/05/06 00:50:32 Heartbeat complete (#30)
2026/05/06 00:50:42 Convoy: close detected: hq-wisp-wisp-383jz (from hq)
2026/05/06 00:51:32 Convoy: close detected: hq-wisp-wisp-6o3vg (from hq)
2026/05/06 00:51:32 Convoy: close detected: hq-wisp-wisp-k203z (from hq)
2026/05/06 00:51:47 Convoy: close detected: hq-wisp-wisp-9xewp (from hq)
2026/05/06 00:52:22 Convoy: close detected: hq-wisp-wisp-wm5l (from hq)
2026/05/06 00:53:22 Convoy: close detected: hq-wisp-appq (from hq)
2026/05/06 00:53:32 Heartbeat starting (recovery-focused)
2026/05/06 00:53:32 Spawning Boot for triage...
2026/05/06 00:53:36 Boot spawned successfully
2026/05/06 00:53:40 Scheduler dispatch: 
⚠️  WARNING: Town root is on branch 'pr/qa-features' (should be 'main')
   This can cause gt commands to fail. Run: gt doctor --fix

2026/05/06 00:53:40 Heartbeat complete (#31)
2026/05/06 00:54:12 Convoy: close detected: hq-wisp-wisp-3pgc2 (from hq)
2026/05/06 00:54:12 Convoy: close detected: hq-wisp-wisp-p90n1 (from hq)
2026/05/06 00:54:57 doctor_dog: pouring molecule for agent execution
2026/05/06 00:54:57 dog_molecule: discover steps: parse children JSON for hq-wisp-wisp-arjlm failed: unrecognized JSON shape: {
  "hq-wisp-wisp-arjlm": [],
  "schema_version": 1
}
2026/05/06 00:54:57 dog_molecule: poured mol-dog-doctor → hq-wisp-wisp-arjlm (0 steps)
2026/05/06 00:54:57 doctor_dog: poured mol-dog-doctor → hq-wisp-wisp-arjlm
2026/05/06 00:54:57 dog_molecule: closeRemainingSteps: parse children JSON for hq-wisp-wisp-arjlm failed: unrecognized JSON shape: {
  "hq-wisp-wisp-arjlm": [],
  "schema_version": 1
}
2026/05/06 00:55:02 Convoy: close detected: hq-wisp-wisp-arjlm (from hq)
2026/05/06 00:55:32 Convoy: close detected: hq-wisp-wisp-sfcq6 (from hq)
2026/05/06 00:55:32 Convoy: close detected: hq-wisp-wisp-2z3sh (from hq)
2026/05/06 00:55:52 Convoy: close detected: hq-wisp-wisp-nq0wx (from hq)
2026/05/06 00:55:57 Convoy: close detected: hq-wisp-wisp-mhzyz (from hq)
2026/05/06 00:56:02 Convoy: close detected: hq-wisp-wisp-g6vsl (from hq)
2026/05/06 00:56:02 Convoy: close detected: hq-wisp-wisp-dj1fm (from hq)
2026/05/06 00:56:12 Convoy: close detected: hq-wisp-wisp-drt26 (from hq)
2026/05/06 00:56:17 Convoy: close detected: hq-wisp-wisp-nht24 (from hq)
2026/05/06 00:56:17 Convoy: close detected: hq-wisp-wisp-34lra (from hq)
2026/05/06 00:56:22 Convoy: close detected: hq-wisp-wisp-utu0y (from hq)
2026/05/06 00:56:32 Convoy: close detected: hq-wisp-wisp-vfxos (from hq)
2026/05/06 00:56:32 Convoy: close detected: hq-wisp-wisp-4vahl (from hq)
2026/05/06 00:56:37 Convoy: close detected: hq-wisp-wisp-z2nan (from hq)
2026/05/06 00:56:40 Heartbeat starting (recovery-focused)
2026/05/06 00:56:40 Spawning Boot for triage...
2026/05/06 00:56:44 Boot spawned successfully
2026/05/06 00:56:47 Convoy: close detected: hq-wisp-wisp-mdw6n (from hq)
2026/05/06 00:56:47 Scheduler dispatch: 
⚠️  WARNING: Town root is on branch 'pr/qa-features' (should be 'main')
   This can cause gt commands to fail. Run: gt doctor --fix

2026/05/06 00:56:47 Heartbeat complete (#32)
2026/05/06 00:56:52 Convoy: close detected: hq-wisp-wisp-nlbw6 (from hq)
2026/05/06 00:56:57 Convoy: close detected: hq-wisp-wisp-e148r (from hq)
2026/05/06 00:56:57 Convoy: close detected: hq-wisp-wisp-nvfmn (from hq)
2026/05/06 00:56:57 Convoy: close detected: hq-wisp-wisp-dwqy6 (from hq)
2026/05/06 00:57:02 Convoy: close detected: hq-wisp-wisp-ig9fy (from hq)
2026/05/06 00:57:12 Convoy: close detected: hq-wisp-wisp-45wdb (from hq)
2026/05/06 00:57:22 Convoy: close detected: hq-wisp-wisp-mhlv6 (from hq)
2026/05/06 00:57:27 Convoy: close detected: hq-wisp-wisp-vib5u (from hq)
2026/05/06 00:57:37 Convoy: close detected: hq-wisp-wisp-c9zw7 (from hq)
2026/05/06 00:57:42 Convoy: close detected: hq-wisp-wisp-aanq4 (from hq)
2026/05/06 00:57:52 Convoy: close detected: hq-wisp-wisp-y9u65 (from hq)
2026/05/06 00:58:02 Convoy: close detected: hq-wisp-wisp-nabpu (from hq)
2026/05/06 00:58:12 Convoy: close detected: hq-wisp-wisp-jbp1p (from hq)
2026/05/06 00:58:22 Convoy: close detected: hq-wisp-wisp-8wjqf (from hq)
2026/05/06 00:58:32 Convoy: close detected: hq-wisp-wisp-reih (from hq)
2026/05/06 00:59:12 Convoy: close detected: hq-wisp-wisp-msmdm (from hq)
2026/05/06 00:59:12 Convoy: close detected: hq-wisp-wisp-bie4y (from hq)
2026/05/06 00:59:47 Heartbeat starting (recovery-focused)
2026/05/06 00:59:47 Spawning Boot for triage...
2026/05/06 00:59:52 Boot spawned successfully
2026/05/06 00:59:52 Handler: no dispatchable idle dogs available, deferring remaining plugins
2026/05/06 00:59:54 Scheduler dispatch: 
⚠️  WARNING: Town root is on branch 'pr/qa-features' (should be 'main')
   This can cause gt commands to fail. Run: gt doctor --fix

2026/05/06 00:59:54 Heartbeat complete (#33)
2026/05/06 00:59:57 doctor_dog: pouring molecule for agent execution
2026/05/06 00:59:57 dog_molecule: discover steps: parse children JSON for hq-wisp-wisp-gzjau failed: unrecognized JSON shape: {
  "hq-wisp-wisp-gzjau": [],
  "schema_version": 1
}
2026/05/06 00:59:57 dog_molecule: poured mol-dog-doctor → hq-wisp-wisp-gzjau (0 steps)
2026/05/06 00:59:57 doctor_dog: poured mol-dog-doctor → hq-wisp-wisp-gzjau
2026/05/06 00:59:57 dog_molecule: closeRemainingSteps: parse children JSON for hq-wisp-wisp-gzjau failed: unrecognized JSON shape: {
  "hq-wisp-wisp-gzjau": [],
  "schema_version": 1
}
2026/05/06 00:59:57 checkpoint_dog: starting cycle
2026/05/06 00:59:57 dog_molecule: discover steps: parse children JSON for hq-wisp-wisp-fhgmz failed: unrecognized JSON shape: {
  "hq-wisp-wisp-fhgmz": [],
  "schema_version": 1
}
2026/05/06 00:59:57 dog_molecule: poured mol-dog-checkpoint → hq-wisp-wisp-fhgmz (0 steps)
2026/05/06 00:59:57 dog_molecule: closeStep "scan": unknown step (known: [])
2026/05/06 00:59:57 dog_molecule: closeStep "checkpoint": unknown step (known: [])
2026/05/06 00:59:57 checkpoint_dog: cycle complete — scanned 0 worktrees, checkpointed 0
2026/05/06 00:59:57 dog_molecule: closeStep "report": unknown step (known: [])
2026/05/06 00:59:57 dog_molecule: closeRemainingSteps: parse children JSON for hq-wisp-wisp-fhgmz failed: unrecognized JSON shape: {
  "hq-wisp-wisp-fhgmz": [],
  "schema_version": 1
}
2026/05/06 01:00:02 Convoy: close detected: hq-wisp-wisp-gzjau (from hq)
2026/05/06 01:00:02 Convoy: close detected: hq-wisp-wisp-fhgmz (from hq)
2026/05/06 01:00:12 Convoy: close detected: hq-wisp-rs2y (from hq)
2026/05/06 01:01:37 Convoy: close detected: hq-wisp-wisp-w2b9 (from hq)
2026/05/06 01:01:52 Convoy: close detected: hq-wisp-ge7w (from hq)
2026/05/06 01:02:54 Heartbeat starting (recovery-focused)
2026/05/06 01:02:54 Spawning Boot for triage...
2026/05/06 01:02:59 Boot spawned successfully
2026/05/06 01:02:59 Handler: no dispatchable idle dogs available, deferring remaining plugins
2026/05/06 01:03:02 Scheduler dispatch: 
⚠️  WARNING: Town root is on branch 'pr/qa-features' (should be 'main')
   This can cause gt commands to fail. Run: gt doctor --fix

2026/05/06 01:03:02 Heartbeat complete (#34)
2026/05/06 01:04:12 Convoy: close detected: hq-wisp-wisp-357qv (from hq)
2026/05/06 01:04:37 Convoy: close detected: hq-wisp-wisp-8t4t (from hq)
2026/05/06 01:04:52 Convoy: close detected: hq-wisp-en9f (from hq)
2026/05/06 01:04:57 doctor_dog: pouring molecule for agent execution
2026/05/06 01:04:58 dog_molecule: discover steps: parse children JSON for hq-wisp-wisp-5heue failed: unrecognized JSON shape: {
  "hq-wisp-wisp-5heue": [],
  "schema_version": 1
}
2026/05/06 01:04:58 dog_molecule: poured mol-dog-doctor → hq-wisp-wisp-5heue (0 steps)
2026/05/06 01:04:58 doctor_dog: poured mol-dog-doctor → hq-wisp-wisp-5heue
2026/05/06 01:04:58 dog_molecule: closeRemainingSteps: parse children JSON for hq-wisp-wisp-5heue failed: unrecognized JSON shape: {
  "hq-wisp-wisp-5heue": [],
  "schema_version": 1
}
2026/05/06 01:04:58 dog_molecule: discover steps: parse children JSON for hq-wisp-wisp-5r7zd failed: unrecognized JSON shape: {
  "hq-wisp-wisp-5r7zd": [],
  "schema_version": 1
}
2026/05/06 01:04:58 dog_molecule: poured mol-dog-jsonl → hq-wisp-wisp-5r7zd (0 steps)
2026/05/06 01:04:58 jsonl_git_backup: git repo /home/stevef/.dolt-archive/git does not exist, skipping
2026/05/06 01:04:58 dog_molecule: closeRemainingSteps: parse children JSON for hq-wisp-wisp-5r7zd failed: unrecognized JSON shape: {
  "hq-wisp-wisp-5r7zd": [],
  "schema_version": 1
}
2026/05/06 01:05:02 Convoy: close detected: hq-wisp-wisp-5r7zd (from hq)
2026/05/06 01:05:02 Convoy: close detected: hq-wisp-wisp-5heue (from hq)
2026/05/06 01:06:02 Heartbeat starting (recovery-focused)
2026/05/06 01:06:02 Spawning Boot for triage...
2026/05/06 01:06:06 Boot spawned successfully
2026/05/06 01:06:06 Handler: no dispatchable idle dogs available, deferring remaining plugins
2026/05/06 01:06:09 Scheduler dispatch: 
⚠️  WARNING: Town root is on branch 'pr/qa-features' (should be 'main')
   This can cause gt commands to fail. Run: gt doctor --fix

2026/05/06 01:06:09 Heartbeat complete (#35)
2026/05/06 01:07:42 Convoy: close detected: hq-wisp-wisp-fzee (from hq)
2026/05/06 01:07:52 Convoy: close detected: hq-wisp-05yz (from hq)
2026/05/06 01:09:09 Heartbeat starting (recovery-focused)
2026/05/06 01:09:09 Spawning Boot for triage...
2026/05/06 01:09:12 Convoy: close detected: hq-wisp-wisp-ch081 (from hq)
2026/05/06 01:09:12 Convoy: close detected: hq-wisp-wisp-z93g6 (from hq)
2026/05/06 01:09:12 Convoy: close detected: hq-wisp-wisp-z93ut (from hq)
2026/05/06 01:09:12 Convoy: close detected: hq-wisp-wisp-pilyf (from hq)
2026/05/06 01:09:14 Boot spawned successfully
2026/05/06 01:09:14 Handler: no dispatchable idle dogs available, deferring remaining plugins
2026/05/06 01:09:17 Scheduler dispatch: 
⚠️  WARNING: Town root is on branch 'pr/qa-features' (should be 'main')
   This can cause gt commands to fail. Run: gt doctor --fix

2026/05/06 01:09:17 Heartbeat complete (#36)
2026/05/06 01:09:57 doctor_dog: pouring molecule for agent execution
2026/05/06 01:09:57 dog_molecule: discover steps: parse children JSON for hq-wisp-wisp-ve1x7 failed: unrecognized JSON shape: {
  "hq-wisp-wisp-ve1x7": [],
  "schema_version": 1
}
2026/05/06 01:09:57 dog_molecule: poured mol-dog-doctor → hq-wisp-wisp-ve1x7 (0 steps)
2026/05/06 01:09:57 doctor_dog: poured mol-dog-doctor → hq-wisp-wisp-ve1x7
2026/05/06 01:09:57 dog_molecule: closeRemainingSteps: parse children JSON for hq-wisp-wisp-ve1x7 failed: unrecognized JSON shape: {
  "hq-wisp-wisp-ve1x7": [],
  "schema_version": 1
}
2026/05/06 01:09:57 checkpoint_dog: starting cycle
2026/05/06 01:09:57 dog_molecule: discover steps: parse children JSON for hq-wisp-wisp-bpxyh failed: unrecognized JSON shape: {
  "hq-wisp-wisp-bpxyh": [],
  "schema_version": 1
}
2026/05/06 01:09:57 dog_molecule: poured mol-dog-checkpoint → hq-wisp-wisp-bpxyh (0 steps)
2026/05/06 01:09:57 dog_molecule: closeStep "scan": unknown step (known: [])
2026/05/06 01:09:57 dog_molecule: closeStep "checkpoint": unknown step (known: [])
2026/05/06 01:09:57 checkpoint_dog: cycle complete — scanned 0 worktrees, checkpointed 0
2026/05/06 01:09:57 dog_molecule: closeStep "report": unknown step (known: [])
2026/05/06 01:09:57 dog_molecule: closeRemainingSteps: parse children JSON for hq-wisp-wisp-bpxyh failed: unrecognized JSON shape: {
  "hq-wisp-wisp-bpxyh": [],
  "schema_version": 1
}
2026/05/06 01:10:02 Convoy: close detected: hq-wisp-wisp-ve1x7 (from hq)
2026/05/06 01:10:02 Convoy: close detected: hq-wisp-wisp-bpxyh (from hq)
2026/05/06 01:10:47 Convoy: close detected: hq-wisp-wisp-sgij (from hq)
2026/05/06 01:11:02 Convoy: close detected: hq-wisp-5po1 (from hq)
2026/05/06 01:12:17 Heartbeat starting (recovery-focused)
2026/05/06 01:12:17 Spawning Boot for triage...
2026/05/06 01:12:21 Boot spawned successfully
2026/05/06 01:12:22 Handler: no dispatchable idle dogs available, deferring remaining plugins
2026/05/06 01:12:24 Scheduler dispatch: 
⚠️  WARNING: Town root is on branch 'pr/qa-features' (should be 'main')
   This can cause gt commands to fail. Run: gt doctor --fix

2026/05/06 01:12:24 Heartbeat complete (#37)
2026/05/06 01:13:52 Convoy: close detected: hq-wisp-wisp-hsck (from hq)
2026/05/06 01:14:07 Convoy: close detected: hq-wisp-zmfz (from hq)
2026/05/06 01:14:12 Convoy: close detected: hq-wisp-wisp-x5nwb (from hq)
2026/05/06 01:14:57 doctor_dog: pouring molecule for agent execution
2026/05/06 01:14:57 dog_molecule: discover steps: parse children JSON for hq-wisp-wisp-2pcyu failed: unrecognized JSON shape: {
  "hq-wisp-wisp-2pcyu": [],
  "schema_version": 1
}
2026/05/06 01:14:57 dog_molecule: poured mol-dog-doctor → hq-wisp-wisp-2pcyu (0 steps)
2026/05/06 01:14:57 doctor_dog: poured mol-dog-doctor → hq-wisp-wisp-2pcyu
2026/05/06 01:14:57 dog_molecule: closeRemainingSteps: parse children JSON for hq-wisp-wisp-2pcyu failed: unrecognized JSON shape: {
  "hq-wisp-wisp-2pcyu": [],
  "schema_version": 1
}
2026/05/06 01:15:02 Convoy: close detected: hq-wisp-wisp-2pcyu (from hq)
2026/05/06 01:15:24 Heartbeat starting (recovery-focused)
2026/05/06 01:15:24 Spawning Boot for triage...
2026/05/06 01:15:29 Boot spawned successfully
2026/05/06 01:15:32 Scheduler dispatch: 
⚠️  WARNING: Town root is on branch 'pr/qa-features' (should be 'main')
   This can cause gt commands to fail. Run: gt doctor --fix

2026/05/06 01:15:32 Heartbeat complete (#38)
2026/05/06 01:17:47 Convoy: close detected: hq-wisp-wisp-lziwj (from hq)
2026/05/06 01:18:32 Heartbeat starting (recovery-focused)
2026/05/06 01:18:32 Spawning Boot for triage...
2026/05/06 01:18:36 Boot spawned successfully
2026/05/06 01:18:37 Convoy: close detected: hq-wisp-wisp-vn181 (from hq)
2026/05/06 01:18:39 Scheduler dispatch: 
⚠️  WARNING: Town root is on branch 'pr/qa-features' (should be 'main')
   This can cause gt commands to fail. Run: gt doctor --fix

2026/05/06 01:18:39 Heartbeat complete (#39)
2026/05/06 01:18:52 Convoy: close detected: hq-wisp-wisp-p4gvj (from hq)
2026/05/06 01:19:12 Convoy: close detected: hq-wisp-wisp-8p4he (from hq)
2026/05/06 01:19:12 Convoy: close detected: hq-wisp-wisp-pt20k (from hq)
2026/05/06 01:19:17 Convoy: close detected: hq-wisp-wisp-d0ewk (from hq)
2026/05/06 01:19:17 Convoy: close detected: hq-wisp-wisp-rfqu2 (from hq)
2026/05/06 01:19:17 Convoy: close detected: hq-wisp-wisp-f82h8 (from hq)
2026/05/06 01:19:32 Convoy: close detected: hq-wisp-wisp-owtmz (from hq)
2026/05/06 01:19:47 Convoy: close detected: hq-wisp-wisp-6up16 (from hq)
2026/05/06 01:19:52 Convoy: close detected: hq-wisp-wisp-z3cza (from hq)
2026/05/06 01:19:52 Convoy: close detected: hq-wisp-wisp-e9nc9 (from hq)
2026/05/06 01:19:57 doctor_dog: pouring molecule for agent execution
2026/05/06 01:19:58 dog_molecule: discover steps: parse children JSON for hq-wisp-wisp-ldfqi failed: unrecognized JSON shape: {
  "hq-wisp-wisp-ldfqi": [],
  "schema_version": 1
}
2026/05/06 01:19:58 dog_molecule: poured mol-dog-doctor → hq-wisp-wisp-ldfqi (0 steps)
2026/05/06 01:19:58 doctor_dog: poured mol-dog-doctor → hq-wisp-wisp-ldfqi
2026/05/06 01:19:58 dog_molecule: closeRemainingSteps: parse children JSON for hq-wisp-wisp-ldfqi failed: unrecognized JSON shape: {
  "hq-wisp-wisp-ldfqi": [],
  "schema_version": 1
}
2026/05/06 01:19:58 main_branch_test: starting patrol cycle
2026/05/06 01:19:58 main_branch_test: no rigs found
2026/05/06 01:19:58 dog_molecule: discover steps: parse children JSON for hq-wisp-wisp-8rnq4 failed: unrecognized JSON shape: {
  "hq-wisp-wisp-8rnq4": [],
  "schema_version": 1
}
2026/05/06 01:19:58 dog_molecule: poured mol-dog-jsonl → hq-wisp-wisp-8rnq4 (0 steps)
2026/05/06 01:19:58 jsonl_git_backup: git repo /home/stevef/.dolt-archive/git does not exist, skipping
2026/05/06 01:19:58 dog_molecule: closeRemainingSteps: parse children JSON for hq-wisp-wisp-8rnq4 failed: unrecognized JSON shape: {
  "hq-wisp-wisp-8rnq4": [],
  "schema_version": 1
}
2026/05/06 01:19:58 dog_molecule: discover steps: parse children JSON for hq-wisp-wisp-cywzw failed: unrecognized JSON shape: {
  "hq-wisp-wisp-cywzw": [],
  "schema_version": 1
}
2026/05/06 01:19:58 dog_molecule: poured mol-dog-reaper → hq-wisp-wisp-cywzw (0 steps)
2026/05/06 01:19:58 wisp_reaper: Dog dispatch failed (gt sling: exit status 1), running inline fallback
2026/05/06 01:19:58 wisp_reaper: scanning 5 databases (inline fallback)
2026/05/06 01:19:58 dog_molecule: closeStep "scan": unknown step (known: [])
2026/05/06 01:19:58 dog_molecule: closeStep "reap": unknown step (known: [])
2026/05/06 01:19:58 dog_molecule: closeStep "purge": unknown step (known: [])
2026/05/06 01:19:58 dog_molecule: closeStep "auto-close": unknown step (known: [])
2026/05/06 01:19:58 wisp_reaper: cycle complete — reaped=0 purged=0 mail_purged=0 plugin_closed=0 dispatch_closed=0 auto_closed=0 open=19 databases=5 dryRun=false
2026/05/06 01:19:58 dog_molecule: closeStep "report": unknown step (known: [])
2026/05/06 01:19:58 dog_molecule: closeRemainingSteps: parse children JSON for hq-wisp-wisp-cywzw failed: unrecognized JSON shape: {
  "hq-wisp-wisp-cywzw": [],
  "schema_version": 1
}
2026/05/06 01:19:59 checkpoint_dog: starting cycle
2026/05/06 01:19:59 dog_molecule: discover steps: parse children JSON for hq-wisp-wisp-9mjh6 failed: unrecognized JSON shape: {
  "hq-wisp-wisp-9mjh6": [],
  "schema_version": 1
}
2026/05/06 01:19:59 dog_molecule: poured mol-dog-checkpoint → hq-wisp-wisp-9mjh6 (0 steps)
2026/05/06 01:19:59 dog_molecule: closeStep "scan": unknown step (known: [])
2026/05/06 01:19:59 dog_molecule: closeStep "checkpoint": unknown step (known: [])
2026/05/06 01:19:59 checkpoint_dog: cycle complete — scanned 0 worktrees, checkpointed 0
2026/05/06 01:19:59 dog_molecule: closeStep "report": unknown step (known: [])
2026/05/06 01:19:59 dog_molecule: closeRemainingSteps: parse children JSON for hq-wisp-wisp-9mjh6 failed: unrecognized JSON shape: {
  "hq-wisp-wisp-9mjh6": [],
  "schema_version": 1
}
2026/05/06 01:20:02 Convoy: close detected: hq-wisp-wisp-v12w (from hq)
2026/05/06 01:20:02 Convoy: close detected: hq-wisp-wisp-ldfqi (from hq)
2026/05/06 01:20:02 Convoy: close detected: hq-wisp-wisp-8rnq4 (from hq)
2026/05/06 01:20:02 Convoy: close detected: hq-wisp-wisp-cywzw (from hq)
2026/05/06 01:20:02 Convoy: close detected: hq-wisp-wisp-9mjh6 (from hq)
2026/05/06 01:21:39 Heartbeat starting (recovery-focused)
2026/05/06 01:21:39 Spawning Boot for triage...
2026/05/06 01:21:44 Boot spawned successfully
2026/05/06 01:21:44 Handler: no dispatchable idle dogs available, deferring remaining plugins
2026/05/06 01:21:47 Scheduler dispatch: 
⚠️  WARNING: Town root is on branch 'pr/qa-features' (should be 'main')
   This can cause gt commands to fail. Run: gt doctor --fix

2026/05/06 01:21:47 Heartbeat complete (#40)
2026/05/06 01:23:07 Convoy: close detected: hq-wisp-wisp-apvl (from hq)
2026/05/06 01:23:12 Convoy: close detected: hq-wisp-h10q (from hq)
2026/05/06 01:23:12 Convoy: close detected: hq-wisp-x6q1 (from hq)
2026/05/06 01:24:12 Convoy: close detected: hq-wisp-wisp-lg0sv (from hq)
2026/05/06 01:24:12 Convoy: close detected: hq-wisp-wisp-a1lam (from hq)
2026/05/06 01:24:47 Heartbeat starting (recovery-focused)
2026/05/06 01:24:47 Spawning Boot for triage...
2026/05/06 01:24:51 Boot spawned successfully
2026/05/06 01:24:52 Handler: no dispatchable idle dogs available, deferring remaining plugins
2026/05/06 01:24:54 Scheduler dispatch: 
⚠️  WARNING: Town root is on branch 'pr/qa-features' (should be 'main')
   This can cause gt commands to fail. Run: gt doctor --fix

2026/05/06 01:24:54 Heartbeat complete (#41)
2026/05/06 01:24:57 doctor_dog: pouring molecule for agent execution
2026/05/06 01:24:57 dog_molecule: discover steps: parse children JSON for hq-wisp-wisp-588xl failed: unrecognized JSON shape: {
  "hq-wisp-wisp-588xl": [],
  "schema_version": 1
}
2026/05/06 01:24:57 dog_molecule: poured mol-dog-doctor → hq-wisp-wisp-588xl (0 steps)
2026/05/06 01:24:57 doctor_dog: poured mol-dog-doctor → hq-wisp-wisp-588xl
2026/05/06 01:24:57 dog_molecule: closeRemainingSteps: parse children JSON for hq-wisp-wisp-588xl failed: unrecognized JSON shape: {
  "hq-wisp-wisp-588xl": [],
  "schema_version": 1
}
2026/05/06 01:25:02 Convoy: close detected: hq-wisp-wisp-588xl (from hq)
2026/05/06 01:26:07 Convoy: close detected: hq-wisp-wisp-nt9y (from hq)
2026/05/06 01:26:17 Convoy: close detected: hq-wisp-27cl (from hq)
2026/05/06 01:27:54 Heartbeat starting (recovery-focused)
2026/05/06 01:27:54 Spawning Boot for triage...
2026/05/06 01:27:58 Boot spawned successfully
2026/05/06 01:27:59 Handler: no dispatchable idle dogs available, deferring remaining plugins
2026/05/06 01:28:01 Scheduler dispatch: 
⚠️  WARNING: Town root is on branch 'pr/qa-features' (should be 'main')
   This can cause gt commands to fail. Run: gt doctor --fix

2026/05/06 01:28:01 Heartbeat complete (#42)
2026/05/06 01:29:12 Convoy: close detected: hq-wisp-wisp-b60v (from hq)
2026/05/06 01:29:17 Convoy: close detected: hq-wisp-wisp-rfmpx (from hq)
2026/05/06 01:29:17 Convoy: close detected: hq-wisp-wisp-8sbav (from hq)
2026/05/06 01:29:22 Convoy: close detected: hq-wisp-fgdb (from hq)
2026/05/06 01:29:57 doctor_dog: pouring molecule for agent execution
2026/05/06 01:29:57 dog_molecule: discover steps: parse children JSON for hq-wisp-wisp-qrp11 failed: unrecognized JSON shape: {
  "hq-wisp-wisp-qrp11": [],
  "schema_version": 1
}
2026/05/06 01:29:57 dog_molecule: poured mol-dog-doctor → hq-wisp-wisp-qrp11 (0 steps)
2026/05/06 01:29:57 doctor_dog: poured mol-dog-doctor → hq-wisp-wisp-qrp11
2026/05/06 01:29:57 dog_molecule: closeRemainingSteps: parse children JSON for hq-wisp-wisp-qrp11 failed: unrecognized JSON shape: {
  "hq-wisp-wisp-qrp11": [],
  "schema_version": 1
}
2026/05/06 01:29:57 checkpoint_dog: starting cycle
2026/05/06 01:29:57 dog_molecule: discover steps: parse children JSON for hq-wisp-wisp-9jkpe failed: unrecognized JSON shape: {
  "hq-wisp-wisp-9jkpe": [],
  "schema_version": 1
}
2026/05/06 01:29:57 dog_molecule: poured mol-dog-checkpoint → hq-wisp-wisp-9jkpe (0 steps)
2026/05/06 01:29:57 dog_molecule: closeStep "scan": unknown step (known: [])
2026/05/06 01:29:57 dog_molecule: closeStep "checkpoint": unknown step (known: [])
2026/05/06 01:29:57 checkpoint_dog: cycle complete — scanned 0 worktrees, checkpointed 0
2026/05/06 01:29:57 dog_molecule: closeStep "report": unknown step (known: [])
2026/05/06 01:29:57 dog_molecule: closeRemainingSteps: parse children JSON for hq-wisp-wisp-9jkpe failed: unrecognized JSON shape: {
  "hq-wisp-wisp-9jkpe": [],
  "schema_version": 1
}
2026/05/06 01:30:02 Convoy: close detected: hq-wisp-wisp-9jkpe (from hq)
2026/05/06 01:30:02 Convoy: close detected: hq-wisp-wisp-qrp11 (from hq)
2026/05/06 01:31:01 Heartbeat starting (recovery-focused)
2026/05/06 01:31:01 Spawning Boot for triage...
2026/05/06 01:31:06 Boot spawned successfully
2026/05/06 01:31:06 Handler: no dispatchable idle dogs available, deferring remaining plugins
2026/05/06 01:31:08 Scheduler dispatch: 
⚠️  WARNING: Town root is on branch 'pr/qa-features' (should be 'main')
   This can cause gt commands to fail. Run: gt doctor --fix

2026/05/06 01:31:08 Heartbeat complete (#43)
2026/05/06 01:32:17 Convoy: close detected: hq-wisp-wisp-gcpe (from hq)
2026/05/06 01:32:27 Convoy: close detected: hq-wisp-8hf3 (from hq)
2026/05/06 01:34:08 Heartbeat starting (recovery-focused)
2026/05/06 01:34:08 Spawning Boot for triage...
2026/05/06 01:34:12 Convoy: close detected: hq-wisp-wisp-qvf2i (from hq)
2026/05/06 01:34:13 Boot spawned successfully
2026/05/06 01:34:13 Handler: no dispatchable idle dogs available, deferring remaining plugins
2026/05/06 01:34:16 Scheduler dispatch: 
⚠️  WARNING: Town root is on branch 'pr/qa-features' (should be 'main')
   This can cause gt commands to fail. Run: gt doctor --fix

2026/05/06 01:34:16 Heartbeat complete (#44)
2026/05/06 01:34:57 dog_molecule: discover steps: parse children JSON for hq-wisp-wisp-h2e57 failed: unrecognized JSON shape: {
  "hq-wisp-wisp-h2e57": [],
  "schema_version": 1
}
2026/05/06 01:34:57 dog_molecule: poured mol-dog-jsonl → hq-wisp-wisp-h2e57 (0 steps)
2026/05/06 01:34:57 jsonl_git_backup: git repo /home/stevef/.dolt-archive/git does not exist, skipping
2026/05/06 01:34:57 dog_molecule: closeRemainingSteps: parse children JSON for hq-wisp-wisp-h2e57 failed: unrecognized JSON shape: {
  "hq-wisp-wisp-h2e57": [],
  "schema_version": 1
}
2026/05/06 01:34:57 doctor_dog: pouring molecule for agent execution
2026/05/06 01:34:57 dog_molecule: discover steps: parse children JSON for hq-wisp-wisp-4matv failed: unrecognized JSON shape: {
  "hq-wisp-wisp-4matv": [],
  "schema_version": 1
}
2026/05/06 01:34:57 dog_molecule: poured mol-dog-doctor → hq-wisp-wisp-4matv (0 steps)
2026/05/06 01:34:57 doctor_dog: poured mol-dog-doctor → hq-wisp-wisp-4matv
2026/05/06 01:34:57 dog_molecule: closeRemainingSteps: parse children JSON for hq-wisp-wisp-4matv failed: unrecognized JSON shape: {
  "hq-wisp-wisp-4matv": [],
  "schema_version": 1
}
2026/05/06 01:35:02 Convoy: close detected: hq-wisp-wisp-4matv (from hq)
2026/05/06 01:35:02 Convoy: close detected: hq-wisp-wisp-h2e57 (from hq)
2026/05/06 01:35:22 Convoy: close detected: hq-wisp-wisp-jz70 (from hq)
2026/05/06 01:35:27 Convoy: close detected: hq-wisp-3e3u (from hq)
2026/05/06 01:37:16 Heartbeat starting (recovery-focused)
2026/05/06 01:37:16 Spawning Boot for triage...
2026/05/06 01:37:20 Boot spawned successfully
2026/05/06 01:37:24 Scheduler dispatch: 
⚠️  WARNING: Town root is on branch 'pr/qa-features' (should be 'main')
   This can cause gt commands to fail. Run: gt doctor --fix

2026/05/06 01:37:24 Heartbeat complete (#45)
2026/05/06 01:38:32 Convoy: close detected: hq-wisp-wisp-5ypop (from hq)
2026/05/06 01:39:02 Convoy: close detected: hq-wisp-wisp-b3qym (from hq)
2026/05/06 01:39:12 Convoy: close detected: hq-wisp-wisp-kzasv (from hq)
2026/05/06 01:39:12 Convoy: close detected: hq-wisp-wisp-dof3d (from hq)
2026/05/06 01:39:12 Convoy: close detected: hq-wisp-wisp-iw6qr (from hq)
2026/05/06 01:39:12 Convoy: close detected: hq-wisp-wisp-fut78 (from hq)
2026/05/06 01:39:22 Convoy: close detected: hq-wisp-wisp-bz8ph (from hq)
2026/05/06 01:39:27 Convoy: close detected: hq-wisp-wisp-q3z35 (from hq)
2026/05/06 01:39:32 Convoy: close detected: hq-wisp-wisp-piq1u (from hq)
2026/05/06 01:39:37 Convoy: close detected: hq-wisp-wisp-99dwx (from hq)
2026/05/06 01:39:37 Convoy: close detected: hq-wisp-wisp-1uknf (from hq)
2026/05/06 01:39:47 Convoy: close detected: hq-wisp-wisp-tu9m (from hq)
2026/05/06 01:39:47 Convoy: close detected: hq-wisp-wisp-yeus1 (from hq)
2026/05/06 01:39:47 Convoy: close detected: hq-wisp-wisp-c9r34 (from hq)
2026/05/06 01:39:47 Convoy: close detected: hq-wisp-wisp-3q0ja (from hq)
2026/05/06 01:39:52 Convoy: close detected: hq-wisp-wisp-3lteo (from hq)
2026/05/06 01:39:57 doctor_dog: pouring molecule for agent execution
2026/05/06 01:39:57 dog_molecule: discover steps: parse children JSON for hq-wisp-wisp-7pjue failed: unrecognized JSON shape: {
  "hq-wisp-wisp-7pjue": [],
  "schema_version": 1
}
2026/05/06 01:39:57 dog_molecule: poured mol-dog-doctor → hq-wisp-wisp-7pjue (0 steps)
2026/05/06 01:39:57 doctor_dog: poured mol-dog-doctor → hq-wisp-wisp-7pjue
2026/05/06 01:39:57 dog_molecule: closeRemainingSteps: parse children JSON for hq-wisp-wisp-7pjue failed: unrecognized JSON shape: {
  "hq-wisp-wisp-7pjue": [],
  "schema_version": 1
}
2026/05/06 01:39:57 checkpoint_dog: starting cycle
2026/05/06 01:39:57 dog_molecule: discover steps: parse children JSON for hq-wisp-wisp-lovwq failed: unrecognized JSON shape: {
  "hq-wisp-wisp-lovwq": [],
  "schema_version": 1
}
2026/05/06 01:39:57 dog_molecule: poured mol-dog-checkpoint → hq-wisp-wisp-lovwq (0 steps)
2026/05/06 01:39:57 dog_molecule: closeStep "scan": unknown step (known: [])
2026/05/06 01:39:57 dog_molecule: closeStep "checkpoint": unknown step (known: [])
2026/05/06 01:39:57 checkpoint_dog: cycle complete — scanned 0 worktrees, checkpointed 0
2026/05/06 01:39:57 dog_molecule: closeStep "report": unknown step (known: [])
2026/05/06 01:39:57 dog_molecule: closeRemainingSteps: parse children JSON for hq-wisp-wisp-lovwq failed: unrecognized JSON shape: {
  "hq-wisp-wisp-lovwq": [],
  "schema_version": 1
}
2026/05/06 01:40:02 Convoy: close detected: hq-wisp-wisp-7pjue (from hq)
2026/05/06 01:40:02 Convoy: close detected: hq-wisp-wisp-lovwq (from hq)
2026/05/06 01:40:12 Convoy: close detected: hq-wisp-wisp-v7pmd (from hq)
2026/05/06 01:40:17 Convoy: close detected: hq-wisp-wisp-7p6uu (from hq)
2026/05/06 01:40:22 Convoy: close detected: hq-wisp-wisp-idqn5 (from hq)
2026/05/06 01:40:24 Heartbeat starting (recovery-focused)
2026/05/06 01:40:24 Spawning Boot for triage...
2026/05/06 01:40:28 Boot spawned successfully
2026/05/06 01:40:28 Handler: no dispatchable idle dogs available, deferring remaining plugins
2026/05/06 01:40:31 Scheduler dispatch: 
⚠️  WARNING: Town root is on branch 'pr/qa-features' (should be 'main')
   This can cause gt commands to fail. Run: gt doctor --fix

2026/05/06 01:40:31 Heartbeat complete (#46)
2026/05/06 01:40:37 Convoy: close detected: hq-wisp-wisp-050hv (from hq)
2026/05/06 01:40:37 Convoy: close detected: hq-wisp-wisp-izxz0 (from hq)
2026/05/06 01:40:47 Convoy: close detected: hq-wisp-wisp-5pw8k (from hq)
2026/05/06 01:40:57 Convoy: close detected: hq-wisp-wisp-rk6e4 (from hq)
2026/05/06 01:40:57 Convoy: close detected: hq-wisp-wisp-tyrol (from hq)
2026/05/06 01:41:12 Convoy: close detected: hq-wisp-wisp-cg2d8 (from hq)
2026/05/06 01:41:27 Convoy: close detected: hq-wisp-wisp-ltcsj (from hq)
2026/05/06 01:41:32 Convoy: close detected: hq-wisp-wisp-nko2 (from hq)
2026/05/06 01:42:02 Convoy: close detected: hq-wisp-sy9q (from hq)
2026/05/06 01:43:31 Heartbeat starting (recovery-focused)
2026/05/06 01:43:31 Spawning Boot for triage...
2026/05/06 01:43:35 Boot spawned successfully
2026/05/06 01:43:35 Handler: no dispatchable idle dogs available, deferring remaining plugins
2026/05/06 01:43:38 Scheduler dispatch: 
⚠️  WARNING: Town root is on branch 'pr/qa-features' (should be 'main')
   This can cause gt commands to fail. Run: gt doctor --fix

2026/05/06 01:43:38 Heartbeat complete (#47)
2026/05/06 01:44:12 Convoy: close detected: hq-wisp-wisp-cjc8q (from hq)
2026/05/06 01:44:37 Convoy: close detected: hq-wisp-wisp-pj9n (from hq)
2026/05/06 01:44:57 doctor_dog: pouring molecule for agent execution
2026/05/06 01:44:58 dog_molecule: discover steps: parse children JSON for hq-wisp-wisp-hsmmv failed: unrecognized JSON shape: {
  "hq-wisp-wisp-hsmmv": [],
  "schema_version": 1
}
2026/05/06 01:44:58 dog_molecule: poured mol-dog-doctor → hq-wisp-wisp-hsmmv (0 steps)
2026/05/06 01:44:58 doctor_dog: poured mol-dog-doctor → hq-wisp-wisp-hsmmv
2026/05/06 01:44:58 dog_molecule: closeRemainingSteps: parse children JSON for hq-wisp-wisp-hsmmv failed: unrecognized JSON shape: {
  "hq-wisp-wisp-hsmmv": [],
  "schema_version": 1
}
2026/05/06 01:45:02 Convoy: close detected: hq-wisp-wisp-hsmmv (from hq)
2026/05/06 01:45:27 Convoy: close detected: hq-wisp-t1xm (from hq)
2026/05/06 01:46:38 Heartbeat starting (recovery-focused)
2026/05/06 01:46:38 Spawning Boot for triage...
2026/05/06 01:46:42 Boot spawned successfully
2026/05/06 01:46:46 Scheduler dispatch: 
⚠️  WARNING: Town root is on branch 'pr/qa-features' (should be 'main')
   This can cause gt commands to fail. Run: gt doctor --fix

2026/05/06 01:46:46 Heartbeat complete (#48)
2026/05/06 01:47:42 Convoy: close detected: hq-wisp-wisp-32i9 (from hq)
2026/05/06 01:48:27 Convoy: close detected: hq-wisp-wisp-7c47 (from hq)
2026/05/06 01:48:57 Convoy: close detected: hq-wisp-6gmx (from hq)
2026/05/06 01:49:12 Convoy: close detected: hq-wisp-wisp-5p3q6 (from hq)
2026/05/06 01:49:12 Convoy: close detected: hq-wisp-wisp-y4rt0 (from hq)
2026/05/06 01:49:46 Heartbeat starting (recovery-focused)
2026/05/06 01:49:46 Spawning Boot for triage...
2026/05/06 01:49:50 Boot spawned successfully
2026/05/06 01:49:50 Handler: no dispatchable idle dogs available, deferring remaining plugins
2026/05/06 01:49:53 Scheduler dispatch: 
⚠️  WARNING: Town root is on branch 'pr/qa-features' (should be 'main')
   This can cause gt commands to fail. Run: gt doctor --fix

2026/05/06 01:49:53 Heartbeat complete (#49)
2026/05/06 01:49:57 dog_molecule: discover steps: parse children JSON for hq-wisp-wisp-onuqz failed: unrecognized JSON shape: {
  "hq-wisp-wisp-onuqz": [],
  "schema_version": 1
}
2026/05/06 01:49:57 dog_molecule: poured mol-dog-reaper → hq-wisp-wisp-onuqz (0 steps)
2026/05/06 01:49:57 wisp_reaper: Dog dispatch failed (gt sling: exit status 1), running inline fallback
2026/05/06 01:49:57 wisp_reaper: scanning 5 databases (inline fallback)
2026/05/06 01:49:57 dog_molecule: closeStep "scan": unknown step (known: [])
2026/05/06 01:49:57 dog_molecule: closeStep "reap": unknown step (known: [])
2026/05/06 01:49:57 dog_molecule: closeStep "purge": unknown step (known: [])
2026/05/06 01:49:57 dog_molecule: closeStep "auto-close": unknown step (known: [])
2026/05/06 01:49:57 wisp_reaper: cycle complete — reaped=0 purged=0 mail_purged=0 plugin_closed=0 dispatch_closed=0 auto_closed=0 open=19 databases=5 dryRun=false
2026/05/06 01:49:57 dog_molecule: closeStep "report": unknown step (known: [])
2026/05/06 01:49:57 dog_molecule: closeRemainingSteps: parse children JSON for hq-wisp-wisp-onuqz failed: unrecognized JSON shape: {
  "hq-wisp-wisp-onuqz": [],
  "schema_version": 1
}
2026/05/06 01:49:57 main_branch_test: starting patrol cycle
2026/05/06 01:49:57 main_branch_test: no rigs found
2026/05/06 01:49:57 dog_molecule: discover steps: parse children JSON for hq-wisp-wisp-7lslr failed: unrecognized JSON shape: {
  "hq-wisp-wisp-7lslr": [],
  "schema_version": 1
}
2026/05/06 01:49:57 dog_molecule: poured mol-dog-jsonl → hq-wisp-wisp-7lslr (0 steps)
2026/05/06 01:49:57 jsonl_git_backup: git repo /home/stevef/.dolt-archive/git does not exist, skipping
2026/05/06 01:49:57 dog_molecule: closeRemainingSteps: parse children JSON for hq-wisp-wisp-7lslr failed: unrecognized JSON shape: {
  "hq-wisp-wisp-7lslr": [],
  "schema_version": 1
}
2026/05/06 01:49:57 checkpoint_dog: starting cycle
2026/05/06 01:49:57 dog_molecule: discover steps: parse children JSON for hq-wisp-wisp-ckwrs failed: unrecognized JSON shape: {
  "hq-wisp-wisp-ckwrs": [],
  "schema_version": 1
}
2026/05/06 01:49:57 dog_molecule: poured mol-dog-checkpoint → hq-wisp-wisp-ckwrs (0 steps)
2026/05/06 01:49:57 dog_molecule: closeStep "scan": unknown step (known: [])
2026/05/06 01:49:57 dog_molecule: closeStep "checkpoint": unknown step (known: [])
2026/05/06 01:49:57 checkpoint_dog: cycle complete — scanned 0 worktrees, checkpointed 0
2026/05/06 01:49:57 dog_molecule: closeStep "report": unknown step (known: [])
2026/05/06 01:49:57 dog_molecule: closeRemainingSteps: parse children JSON for hq-wisp-wisp-ckwrs failed: unrecognized JSON shape: {
  "hq-wisp-wisp-ckwrs": [],
  "schema_version": 1
}
2026/05/06 01:49:57 doctor_dog: pouring molecule for agent execution
2026/05/06 01:49:58 dog_molecule: discover steps: parse children JSON for hq-wisp-wisp-8g3h7 failed: unrecognized JSON shape: {
  "hq-wisp-wisp-8g3h7": [],
  "schema_version": 1
}
2026/05/06 01:49:58 dog_molecule: poured mol-dog-doctor → hq-wisp-wisp-8g3h7 (0 steps)
2026/05/06 01:49:58 doctor_dog: poured mol-dog-doctor → hq-wisp-wisp-8g3h7
2026/05/06 01:49:58 dog_molecule: closeRemainingSteps: parse children JSON for hq-wisp-wisp-8g3h7 failed: unrecognized JSON shape: {
  "hq-wisp-wisp-8g3h7": [],
  "schema_version": 1
}
2026/05/06 01:50:02 Convoy: close detected: hq-wisp-wisp-ckwrs (from hq)
2026/05/06 01:50:02 Convoy: close detected: hq-wisp-wisp-7lslr (from hq)
2026/05/06 01:50:02 Convoy: close detected: hq-wisp-wisp-onuqz (from hq)
2026/05/06 01:50:02 Convoy: close detected: hq-wisp-wisp-8g3h7 (from hq)
2026/05/06 01:50:42 Convoy: close detected: hq-wisp-wisp-spnr (from hq)
2026/05/06 01:50:47 Convoy: close detected: hq-wisp-oc17 (from hq)
2026/05/06 01:52:53 Heartbeat starting (recovery-focused)
2026/05/06 01:52:53 Spawning Boot for triage...
2026/05/06 01:52:57 Boot spawned successfully
2026/05/06 01:53:00 Scheduler dispatch: 
⚠️  WARNING: Town root is on branch 'pr/qa-features' (should be 'main')
   This can cause gt commands to fail. Run: gt doctor --fix

2026/05/06 01:53:00 Heartbeat complete (#50)
2026/05/06 01:54:02 Convoy: close detected: hq-wisp-wisp-80df6 (from hq)
2026/05/06 01:54:02 Convoy: close detected: hq-wisp-wisp-bnpyy (from hq)
2026/05/06 01:54:12 Convoy: close detected: hq-wisp-wisp-rxuku (from hq)
2026/05/06 01:54:12 Convoy: close detected: hq-wisp-wisp-ufu6y (from hq)
2026/05/06 01:54:27 Convoy: close detected: hq-wisp-wisp-t0v5g (from hq)
2026/05/06 01:54:37 Convoy: close detected: hq-wisp-wisp-tmrjt (from hq)
2026/05/06 01:54:37 Convoy: close detected: hq-wisp-wisp-yqlgm (from hq)
2026/05/06 01:54:57 doctor_dog: pouring molecule for agent execution
2026/05/06 01:54:57 dog_molecule: discover steps: parse children JSON for hq-wisp-wisp-jl7kt failed: unrecognized JSON shape: {
  "hq-wisp-wisp-jl7kt": [],
  "schema_version": 1
}
2026/05/06 01:54:57 dog_molecule: poured mol-dog-doctor → hq-wisp-wisp-jl7kt (0 steps)
2026/05/06 01:54:57 doctor_dog: poured mol-dog-doctor → hq-wisp-wisp-jl7kt
2026/05/06 01:54:57 dog_molecule: closeRemainingSteps: parse children JSON for hq-wisp-wisp-jl7kt failed: unrecognized JSON shape: {
  "hq-wisp-wisp-jl7kt": [],
  "schema_version": 1
}
2026/05/06 01:55:02 Convoy: close detected: hq-wisp-wisp-jl7kt (from hq)
2026/05/06 01:55:07 Convoy: close detected: hq-wisp-wisp-ze6pr (from hq)
2026/05/06 01:55:17 Convoy: close detected: hq-wisp-wisp-8wr0k (from hq)
2026/05/06 01:56:00 Heartbeat starting (recovery-focused)
2026/05/06 01:56:00 Spawning Boot for triage...
2026/05/06 01:56:05 Boot spawned successfully
2026/05/06 01:56:05 Handler: no dispatchable idle dogs available, deferring remaining plugins
2026/05/06 01:56:07 Scheduler dispatch: 
⚠️  WARNING: Town root is on branch 'pr/qa-features' (should be 'main')
   This can cause gt commands to fail. Run: gt doctor --fix

2026/05/06 01:56:07 Heartbeat complete (#51)
2026/05/06 01:56:52 Convoy: close detected: hq-wisp-wisp-p7hd (from hq)
2026/05/06 01:59:07 Heartbeat starting (recovery-focused)
2026/05/06 01:59:07 Spawning Boot for triage...
2026/05/06 01:59:12 Convoy: close detected: hq-wisp-wisp-gi6px (from hq)
2026/05/06 01:59:12 Convoy: close detected: hq-wisp-wisp-o2oda (from hq)
2026/05/06 01:59:12 Boot spawned successfully
2026/05/06 01:59:12 Handler: no dispatchable idle dogs available, deferring remaining plugins
2026/05/06 01:59:14 Scheduler dispatch: 
⚠️  WARNING: Town root is on branch 'pr/qa-features' (should be 'main')
   This can cause gt commands to fail. Run: gt doctor --fix

2026/05/06 01:59:14 Heartbeat complete (#52)
2026/05/06 01:59:47 Convoy: close detected: hq-wisp-ylfz (from hq)
2026/05/06 01:59:57 doctor_dog: pouring molecule for agent execution
2026/05/06 01:59:57 Convoy: close detected: hq-wisp-wisp-3ugo (from hq)
2026/05/06 01:59:58 dog_molecule: discover steps: parse children JSON for hq-wisp-wisp-i9nh4 failed: unrecognized JSON shape: {
  "hq-wisp-wisp-i9nh4": [],
  "schema_version": 1
}
2026/05/06 01:59:58 dog_molecule: poured mol-dog-doctor → hq-wisp-wisp-i9nh4 (0 steps)
2026/05/06 01:59:58 doctor_dog: poured mol-dog-doctor → hq-wisp-wisp-i9nh4
2026/05/06 01:59:58 dog_molecule: closeRemainingSteps: parse children JSON for hq-wisp-wisp-i9nh4 failed: unrecognized JSON shape: {
  "hq-wisp-wisp-i9nh4": [],
  "schema_version": 1
}
2026/05/06 01:59:58 checkpoint_dog: starting cycle
2026/05/06 01:59:58 dog_molecule: discover steps: parse children JSON for hq-wisp-wisp-zweg2 failed: unrecognized JSON shape: {
  "hq-wisp-wisp-zweg2": [],
  "schema_version": 1
}
2026/05/06 01:59:58 dog_molecule: poured mol-dog-checkpoint → hq-wisp-wisp-zweg2 (0 steps)
2026/05/06 01:59:58 dog_molecule: closeStep "scan": unknown step (known: [])
2026/05/06 01:59:58 dog_molecule: closeStep "checkpoint": unknown step (known: [])
2026/05/06 01:59:58 checkpoint_dog: cycle complete — scanned 0 worktrees, checkpointed 0
2026/05/06 01:59:58 dog_molecule: closeStep "report": unknown step (known: [])
2026/05/06 01:59:58 dog_molecule: closeRemainingSteps: parse children JSON for hq-wisp-wisp-zweg2 failed: unrecognized JSON shape: {
  "hq-wisp-wisp-zweg2": [],
  "schema_version": 1
}
2026/05/06 02:00:02 Convoy: close detected: hq-wisp-v5sg (from hq)
2026/05/06 02:00:02 Convoy: close detected: hq-wisp-wisp-i9nh4 (from hq)
2026/05/06 02:00:02 Convoy: close detected: hq-wisp-wisp-zweg2 (from hq)
2026/05/06 02:02:14 Heartbeat starting (recovery-focused)
2026/05/06 02:02:14 Spawning Boot for triage...
2026/05/06 02:02:19 Boot spawned successfully
2026/05/06 02:02:19 Handler: no dispatchable idle dogs available, deferring remaining plugins
2026/05/06 02:02:22 Scheduler dispatch: 
⚠️  WARNING: Town root is on branch 'pr/qa-features' (should be 'main')
   This can cause gt commands to fail. Run: gt doctor --fix

2026/05/06 02:02:22 Heartbeat complete (#53)
2026/05/06 02:03:02 Convoy: close detected: hq-wisp-wisp-4d6z (from hq)
2026/05/06 02:03:07 Convoy: close detected: hq-wisp-ij0l (from hq)
2026/05/06 02:04:12 Convoy: close detected: hq-wisp-wisp-i0arn (from hq)
2026/05/06 02:04:57 doctor_dog: pouring molecule for agent execution
2026/05/06 02:04:57 dog_molecule: discover steps: parse children JSON for hq-wisp-wisp-fdfpt failed: unrecognized JSON shape: {
  "hq-wisp-wisp-fdfpt": [],
  "schema_version": 1
}
2026/05/06 02:04:57 dog_molecule: poured mol-dog-doctor → hq-wisp-wisp-fdfpt (0 steps)
2026/05/06 02:04:57 doctor_dog: poured mol-dog-doctor → hq-wisp-wisp-fdfpt
2026/05/06 02:04:57 dog_molecule: closeRemainingSteps: parse children JSON for hq-wisp-wisp-fdfpt failed: unrecognized JSON shape: {
  "hq-wisp-wisp-fdfpt": [],
  "schema_version": 1
}
2026/05/06 02:04:57 dog_molecule: discover steps: parse children JSON for hq-wisp-wisp-mlg9r failed: unrecognized JSON shape: {
  "hq-wisp-wisp-mlg9r": [],
  "schema_version": 1
}
2026/05/06 02:04:57 dog_molecule: poured mol-dog-jsonl → hq-wisp-wisp-mlg9r (0 steps)
2026/05/06 02:04:57 jsonl_git_backup: git repo /home/stevef/.dolt-archive/git does not exist, skipping
2026/05/06 02:04:57 dog_molecule: closeRemainingSteps: parse children JSON for hq-wisp-wisp-mlg9r failed: unrecognized JSON shape: {
  "hq-wisp-wisp-mlg9r": [],
  "schema_version": 1
}
2026/05/06 02:05:02 Convoy: close detected: hq-wisp-wisp-mlg9r (from hq)
2026/05/06 02:05:02 Convoy: close detected: hq-wisp-wisp-fdfpt (from hq)
2026/05/06 02:05:22 Heartbeat starting (recovery-focused)
2026/05/06 02:05:22 Spawning Boot for triage...
2026/05/06 02:05:26 Boot spawned successfully
2026/05/06 02:05:26 Handler: no dispatchable idle dogs available, deferring remaining plugins
2026/05/06 02:05:29 Scheduler dispatch: 
⚠️  WARNING: Town root is on branch 'pr/qa-features' (should be 'main')
   This can cause gt commands to fail. Run: gt doctor --fix

2026/05/06 02:05:29 Heartbeat complete (#54)
2026/05/06 02:06:07 Convoy: close detected: hq-wisp-wisp-j58j (from hq)
2026/05/06 02:06:22 Convoy: close detected: hq-wisp-uuql (from hq)
2026/05/06 02:08:29 Heartbeat starting (recovery-focused)
2026/05/06 02:08:29 Spawning Boot for triage...
2026/05/06 02:08:33 Boot spawned successfully
2026/05/06 02:08:34 Handler: no dispatchable idle dogs available, deferring remaining plugins
2026/05/06 02:08:36 Scheduler dispatch: 
⚠️  WARNING: Town root is on branch 'pr/qa-features' (should be 'main')
   This can cause gt commands to fail. Run: gt doctor --fix

2026/05/06 02:08:36 Heartbeat complete (#55)
2026/05/06 02:09:12 Convoy: close detected: hq-wisp-wisp-t30w (from hq)
2026/05/06 02:09:12 Convoy: close detected: hq-wisp-wisp-7dc0v (from hq)
2026/05/06 02:09:17 Convoy: close detected: hq-wisp-m4a8 (from hq)
2026/05/06 02:09:57 doctor_dog: pouring molecule for agent execution
2026/05/06 02:09:57 dog_molecule: discover steps: parse children JSON for hq-wisp-wisp-0k5ez failed: unrecognized JSON shape: {
  "hq-wisp-wisp-0k5ez": [],
  "schema_version": 1
}
2026/05/06 02:09:57 dog_molecule: poured mol-dog-doctor → hq-wisp-wisp-0k5ez (0 steps)
2026/05/06 02:09:57 doctor_dog: poured mol-dog-doctor → hq-wisp-wisp-0k5ez
2026/05/06 02:09:57 dog_molecule: closeRemainingSteps: parse children JSON for hq-wisp-wisp-0k5ez failed: unrecognized JSON shape: {
  "hq-wisp-wisp-0k5ez": [],
  "schema_version": 1
}
2026/05/06 02:09:57 checkpoint_dog: starting cycle
2026/05/06 02:09:57 dog_molecule: discover steps: parse children JSON for hq-wisp-wisp-2pwlm failed: unrecognized JSON shape: {
  "hq-wisp-wisp-2pwlm": [],
  "schema_version": 1
}
2026/05/06 02:09:57 dog_molecule: poured mol-dog-checkpoint → hq-wisp-wisp-2pwlm (0 steps)
2026/05/06 02:09:57 dog_molecule: closeStep "scan": unknown step (known: [])
2026/05/06 02:09:57 dog_molecule: closeStep "checkpoint": unknown step (known: [])
2026/05/06 02:09:57 checkpoint_dog: cycle complete — scanned 0 worktrees, checkpointed 0
2026/05/06 02:09:57 dog_molecule: closeStep "report": unknown step (known: [])
2026/05/06 02:09:57 dog_molecule: closeRemainingSteps: parse children JSON for hq-wisp-wisp-2pwlm failed: unrecognized JSON shape: {
  "hq-wisp-wisp-2pwlm": [],
  "schema_version": 1
}
2026/05/06 02:10:02 Convoy: close detected: hq-wisp-wisp-0k5ez (from hq)
2026/05/06 02:10:02 Convoy: close detected: hq-wisp-wisp-2pwlm (from hq)
2026/05/06 02:11:36 Heartbeat starting (recovery-focused)
2026/05/06 02:11:36 Spawning Boot for triage...
2026/05/06 02:11:40 Boot spawned successfully
2026/05/06 02:11:44 Scheduler dispatch: 
⚠️  WARNING: Town root is on branch 'pr/qa-features' (should be 'main')
   This can cause gt commands to fail. Run: gt doctor --fix

2026/05/06 02:11:44 Heartbeat complete (#56)
2026/05/06 02:12:32 Convoy: close detected: hq-wisp-wisp-9b1j2 (from hq)
2026/05/06 02:12:32 Convoy: close detected: hq-wisp-wisp-ewyvm (from hq)
2026/05/06 02:12:32 Convoy: close detected: hq-wisp-wisp-7728r (from hq)
2026/05/06 02:12:37 Convoy: close detected: hq-wisp-wisp-7a0hv (from hq)
2026/05/06 02:12:57 Convoy: close detected: hq-wisp-wisp-mwpvi (from hq)
2026/05/06 02:12:57 Convoy: close detected: hq-wisp-wisp-bd3el (from hq)
2026/05/06 02:13:07 Convoy: close detected: hq-wisp-wisp-zvlgb (from hq)
2026/05/06 02:13:17 Convoy: close detected: hq-wisp-wisp-o92bd (from hq)
2026/05/06 02:13:22 Convoy: close detected: hq-wisp-wisp-3008y (from hq)
2026/05/06 02:13:37 Convoy: close detected: hq-wisp-wisp-713vq (from hq)
2026/05/06 02:13:57 Convoy: close detected: hq-wisp-wisp-7sbzj (from hq)
2026/05/06 02:13:57 Convoy: close detected: hq-wisp-wisp-idtgo (from hq)
2026/05/06 02:14:02 Convoy: close detected: hq-wisp-wisp-qzayc (from hq)
2026/05/06 02:14:02 Convoy: close detected: hq-wisp-wisp-a1fmd (from hq)
2026/05/06 02:14:02 Convoy: close detected: hq-wisp-wisp-bi8fl (from hq)
2026/05/06 02:14:12 Convoy: close detected: hq-wisp-wisp-kpwsf (from hq)
2026/05/06 02:14:17 Convoy: close detected: hq-wisp-wisp-ouvv7 (from hq)
2026/05/06 02:14:22 Convoy: close detected: hq-wisp-wisp-eclla (from hq)
2026/05/06 02:14:37 Convoy: close detected: hq-wisp-wisp-p4eo5 (from hq)
2026/05/06 02:14:42 Convoy: close detected: hq-wisp-wisp-j5lf9 (from hq)
2026/05/06 02:14:44 Heartbeat starting (recovery-focused)
2026/05/06 02:14:44 Spawning Boot for triage...
2026/05/06 02:14:48 Boot spawned successfully
2026/05/06 02:14:49 Handler: no dispatchable idle dogs available, deferring remaining plugins
2026/05/06 02:14:51 Scheduler dispatch: 
⚠️  WARNING: Town root is on branch 'pr/qa-features' (should be 'main')
   This can cause gt commands to fail. Run: gt doctor --fix

2026/05/06 02:14:51 Heartbeat complete (#57)
2026/05/06 02:14:52 Convoy: close detected: hq-wisp-wisp-qd759 (from hq)
2026/05/06 02:14:52 Convoy: close detected: hq-wisp-wisp-6n7ue (from hq)
2026/05/06 02:14:52 Convoy: close detected: hq-wisp-wisp-x9s6e (from hq)
2026/05/06 02:14:57 doctor_dog: pouring molecule for agent execution
2026/05/06 02:14:57 dog_molecule: discover steps: parse children JSON for hq-wisp-wisp-gwsum failed: unrecognized JSON shape: {
  "hq-wisp-wisp-gwsum": [],
  "schema_version": 1
}
2026/05/06 02:14:57 dog_molecule: poured mol-dog-doctor → hq-wisp-wisp-gwsum (0 steps)
2026/05/06 02:14:57 doctor_dog: poured mol-dog-doctor → hq-wisp-wisp-gwsum
2026/05/06 02:14:57 dog_molecule: closeRemainingSteps: parse children JSON for hq-wisp-wisp-gwsum failed: unrecognized JSON shape: {
  "hq-wisp-wisp-gwsum": [],
  "schema_version": 1
}
2026/05/06 02:15:02 Convoy: close detected: hq-wisp-wisp-gwsum (from hq)
2026/05/06 02:15:02 Convoy: close detected: hq-wisp-wisp-sqa2r (from hq)
2026/05/06 02:15:02 Convoy: close detected: hq-wisp-wisp-5pqb4 (from hq)
2026/05/06 02:15:02 Convoy: close detected: hq-wisp-wisp-v52mj (from hq)
2026/05/06 02:15:17 Convoy: close detected: hq-wisp-wisp-azk1w (from hq)
2026/05/06 02:15:37 Convoy: close detected: hq-wisp-wisp-ml4n (from hq)
2026/05/06 02:15:42 Convoy: close detected: hq-wisp-lblz (from hq)
2026/05/06 02:17:51 Heartbeat starting (recovery-focused)
2026/05/06 02:17:51 Spawning Boot for triage...
2026/05/06 02:17:56 Boot spawned successfully
2026/05/06 02:17:59 Scheduler dispatch: 
⚠️  WARNING: Town root is on branch 'pr/qa-features' (should be 'main')
   This can cause gt commands to fail. Run: gt doctor --fix

2026/05/06 02:17:59 Heartbeat complete (#58)
2026/05/06 02:19:07 Convoy: close detected: hq-wisp-wisp-wjw9l (from hq)
2026/05/06 02:19:12 Convoy: close detected: hq-wisp-wisp-kviwx (from hq)
2026/05/06 02:19:12 Convoy: close detected: hq-wisp-wisp-ddlm0 (from hq)
2026/05/06 02:19:27 Convoy: close detected: hq-wisp-wisp-k6dgv (from hq)
2026/05/06 02:19:57 main_branch_test: starting patrol cycle
2026/05/06 02:19:57 main_branch_test: no rigs found
2026/05/06 02:19:57 dog_molecule: discover steps: parse children JSON for hq-wisp-wisp-3nmei failed: unrecognized JSON shape: {
  "hq-wisp-wisp-3nmei": [],
  "schema_version": 1
}
2026/05/06 02:19:57 dog_molecule: poured mol-dog-jsonl → hq-wisp-wisp-3nmei (0 steps)
2026/05/06 02:19:57 jsonl_git_backup: git repo /home/stevef/.dolt-archive/git does not exist, skipping
2026/05/06 02:19:57 dog_molecule: closeRemainingSteps: parse children JSON for hq-wisp-wisp-3nmei failed: unrecognized JSON shape: {
  "hq-wisp-wisp-3nmei": [],
  "schema_version": 1
}
2026/05/06 02:19:57 dog_molecule: discover steps: parse children JSON for hq-wisp-wisp-390tx failed: unrecognized JSON shape: {
  "hq-wisp-wisp-390tx": [],
  "schema_version": 1
}
2026/05/06 02:19:57 dog_molecule: poured mol-dog-reaper → hq-wisp-wisp-390tx (0 steps)
2026/05/06 02:19:57 wisp_reaper: Dog dispatch failed (gt sling: exit status 1), running inline fallback
2026/05/06 02:19:57 wisp_reaper: scanning 5 databases (inline fallback)
2026/05/06 02:19:57 dog_molecule: closeStep "scan": unknown step (known: [])
2026/05/06 02:19:57 dog_molecule: closeStep "reap": unknown step (known: [])
2026/05/06 02:19:57 dog_molecule: closeStep "purge": unknown step (known: [])
2026/05/06 02:19:57 dog_molecule: closeStep "auto-close": unknown step (known: [])
2026/05/06 02:19:57 wisp_reaper: cycle complete — reaped=0 purged=0 mail_purged=0 plugin_closed=0 dispatch_closed=0 auto_closed=0 open=20 databases=5 dryRun=false
2026/05/06 02:19:57 dog_molecule: closeStep "report": unknown step (known: [])
2026/05/06 02:19:57 dog_molecule: closeRemainingSteps: parse children JSON for hq-wisp-wisp-390tx failed: unrecognized JSON shape: {
  "hq-wisp-wisp-390tx": [],
  "schema_version": 1
}
2026/05/06 02:19:57 doctor_dog: pouring molecule for agent execution
2026/05/06 02:19:57 dog_molecule: discover steps: parse children JSON for hq-wisp-wisp-e7vmy failed: unrecognized JSON shape: {
  "hq-wisp-wisp-e7vmy": [],
  "schema_version": 1
}
2026/05/06 02:19:57 dog_molecule: poured mol-dog-doctor → hq-wisp-wisp-e7vmy (0 steps)
2026/05/06 02:19:57 doctor_dog: poured mol-dog-doctor → hq-wisp-wisp-e7vmy
2026/05/06 02:19:57 dog_molecule: closeRemainingSteps: parse children JSON for hq-wisp-wisp-e7vmy failed: unrecognized JSON shape: {
  "hq-wisp-wisp-e7vmy": [],
  "schema_version": 1
}
2026/05/06 02:19:58 checkpoint_dog: starting cycle
2026/05/06 02:19:58 dog_molecule: discover steps: parse children JSON for hq-wisp-wisp-1b5ng failed: unrecognized JSON shape: {
  "hq-wisp-wisp-1b5ng": [],
  "schema_version": 1
}
2026/05/06 02:19:58 dog_molecule: poured mol-dog-checkpoint → hq-wisp-wisp-1b5ng (0 steps)
2026/05/06 02:19:58 dog_molecule: closeStep "scan": unknown step (known: [])
2026/05/06 02:19:58 dog_molecule: closeStep "checkpoint": unknown step (known: [])
2026/05/06 02:19:58 checkpoint_dog: cycle complete — scanned 0 worktrees, checkpointed 0
2026/05/06 02:19:58 dog_molecule: closeStep "report": unknown step (known: [])
2026/05/06 02:19:58 dog_molecule: closeRemainingSteps: parse children JSON for hq-wisp-wisp-1b5ng failed: unrecognized JSON shape: {
  "hq-wisp-wisp-1b5ng": [],
  "schema_version": 1
}
2026/05/06 02:20:02 Convoy: close detected: hq-wisp-wisp-390tx (from hq)
2026/05/06 02:20:02 Convoy: close detected: hq-wisp-wisp-3nmei (from hq)
2026/05/06 02:20:02 Convoy: close detected: hq-wisp-wisp-e7vmy (from hq)
2026/05/06 02:20:02 Convoy: close detected: hq-wisp-wisp-1b5ng (from hq)
2026/05/06 02:20:42 Convoy: close detected: hq-wisp-wisp-m8m40 (from hq)
2026/05/06 02:20:59 Heartbeat starting (recovery-focused)
2026/05/06 02:20:59 Spawning Boot for triage...
2026/05/06 02:21:03 Boot spawned successfully
2026/05/06 02:21:04 Handler: no dispatchable idle dogs available, deferring remaining plugins
2026/05/06 02:21:06 Scheduler dispatch: 
⚠️  WARNING: Town root is on branch 'pr/qa-features' (should be 'main')
   This can cause gt commands to fail. Run: gt doctor --fix

2026/05/06 02:21:06 Heartbeat complete (#59)
2026/05/06 02:21:17 Convoy: close detected: hq-wisp-wisp-9h7xz (from hq)
2026/05/06 02:21:32 Convoy: close detected: hq-wisp-wisp-rd2js (from hq)
2026/05/06 02:21:47 Convoy: close detected: hq-wisp-wisp-qy34 (from hq)
2026/05/06 02:21:47 Convoy: close detected: hq-wisp-wisp-bgu5 (from hq)
2026/05/06 02:22:27 Convoy: close detected: hq-wisp-us9t (from hq)
2026/05/06 02:24:06 Heartbeat starting (recovery-focused)
2026/05/06 02:24:06 Spawning Boot for triage...
2026/05/06 02:24:10 Boot spawned successfully
2026/05/06 02:24:11 Handler: no dispatchable idle dogs available, deferring remaining plugins
2026/05/06 02:24:12 Convoy: close detected: hq-wisp-wisp-fnwfc (from hq)
2026/05/06 02:24:12 Convoy: close detected: hq-wisp-wisp-9f1w1 (from hq)
2026/05/06 02:24:13 Scheduler dispatch: 
⚠️  WARNING: Town root is on branch 'pr/qa-features' (should be 'main')
   This can cause gt commands to fail. Run: gt doctor --fix

2026/05/06 02:24:13 Heartbeat complete (#60)
2026/05/06 02:24:52 Convoy: close detected: hq-wisp-wisp-kxc0 (from hq)
2026/05/06 02:24:57 doctor_dog: pouring molecule for agent execution
2026/05/06 02:24:58 dog_molecule: discover steps: parse children JSON for hq-wisp-wisp-nd3v8 failed: unrecognized JSON shape: {
  "hq-wisp-wisp-nd3v8": [],
  "schema_version": 1
}
2026/05/06 02:24:58 dog_molecule: poured mol-dog-doctor → hq-wisp-wisp-nd3v8 (0 steps)
2026/05/06 02:24:58 doctor_dog: poured mol-dog-doctor → hq-wisp-wisp-nd3v8
2026/05/06 02:24:58 dog_molecule: closeRemainingSteps: parse children JSON for hq-wisp-wisp-nd3v8 failed: unrecognized JSON shape: {
  "hq-wisp-wisp-nd3v8": [],
  "schema_version": 1
}
2026/05/06 02:25:02 Convoy: close detected: hq-wisp-wisp-nd3v8 (from hq)
2026/05/06 02:27:13 Heartbeat starting (recovery-focused)
2026/05/06 02:27:13 Spawning Boot for triage...
2026/05/06 02:27:18 Boot spawned successfully
2026/05/06 02:27:18 Handler: no dispatchable idle dogs available, deferring remaining plugins
2026/05/06 02:27:21 Scheduler dispatch: 
⚠️  WARNING: Town root is on branch 'pr/qa-features' (should be 'main')
   This can cause gt commands to fail. Run: gt doctor --fix

2026/05/06 02:27:21 Heartbeat complete (#61)
2026/05/06 02:27:57 Convoy: close detected: hq-wisp-wisp-qdux (from hq)
2026/05/06 02:28:02 Convoy: close detected: hq-wisp-srdt (from hq)
2026/05/06 02:29:12 Convoy: close detected: hq-wisp-wisp-6um68 (from hq)
2026/05/06 02:29:12 Convoy: close detected: hq-wisp-wisp-btv62 (from hq)
2026/05/06 02:29:57 doctor_dog: pouring molecule for agent execution
2026/05/06 02:29:57 dog_molecule: discover steps: parse children JSON for hq-wisp-wisp-kwuhq failed: unrecognized JSON shape: {
  "hq-wisp-wisp-kwuhq": [],
  "schema_version": 1
}
2026/05/06 02:29:57 dog_molecule: poured mol-dog-doctor → hq-wisp-wisp-kwuhq (0 steps)
2026/05/06 02:29:57 doctor_dog: poured mol-dog-doctor → hq-wisp-wisp-kwuhq
2026/05/06 02:29:57 dog_molecule: closeRemainingSteps: parse children JSON for hq-wisp-wisp-kwuhq failed: unrecognized JSON shape: {
  "hq-wisp-wisp-kwuhq": [],
  "schema_version": 1
}
2026/05/06 02:29:57 checkpoint_dog: starting cycle
2026/05/06 02:29:57 dog_molecule: discover steps: parse children JSON for hq-wisp-wisp-uqt9z failed: unrecognized JSON shape: {
  "hq-wisp-wisp-uqt9z": [],
  "schema_version": 1
}
2026/05/06 02:29:57 dog_molecule: poured mol-dog-checkpoint → hq-wisp-wisp-uqt9z (0 steps)
2026/05/06 02:29:57 dog_molecule: closeStep "scan": unknown step (known: [])
2026/05/06 02:29:57 dog_molecule: closeStep "checkpoint": unknown step (known: [])
2026/05/06 02:29:57 checkpoint_dog: cycle complete — scanned 0 worktrees, checkpointed 0
2026/05/06 02:29:57 dog_molecule: closeStep "report": unknown step (known: [])
2026/05/06 02:29:57 dog_molecule: closeRemainingSteps: parse children JSON for hq-wisp-wisp-uqt9z failed: unrecognized JSON shape: {
  "hq-wisp-wisp-uqt9z": [],
  "schema_version": 1
}
2026/05/06 02:30:02 Convoy: close detected: hq-wisp-wisp-uqt9z (from hq)
2026/05/06 02:30:02 Convoy: close detected: hq-wisp-wisp-kwuhq (from hq)
2026/05/06 02:30:21 Heartbeat starting (recovery-focused)
2026/05/06 02:30:21 Spawning Boot for triage...
2026/05/06 02:30:25 Boot spawned successfully
2026/05/06 02:30:25 Handler: no dispatchable idle dogs available, deferring remaining plugins
2026/05/06 02:30:28 Scheduler dispatch: 
⚠️  WARNING: Town root is on branch 'pr/qa-features' (should be 'main')
   This can cause gt commands to fail. Run: gt doctor --fix

2026/05/06 02:30:28 Heartbeat complete (#62)
2026/05/06 02:31:02 Convoy: close detected: hq-wisp-wisp-9zbf (from hq)
2026/05/06 02:31:07 Convoy: close detected: hq-wisp-7wa7 (from hq)
2026/05/06 02:33:28 Heartbeat starting (recovery-focused)
2026/05/06 02:33:28 Spawning Boot for triage...
2026/05/06 02:33:32 Boot spawned successfully
2026/05/06 02:33:33 Handler: no dispatchable idle dogs available, deferring remaining plugins
2026/05/06 02:33:35 Scheduler dispatch: 
⚠️  WARNING: Town root is on branch 'pr/qa-features' (should be 'main')
   This can cause gt commands to fail. Run: gt doctor --fix

2026/05/06 02:33:35 Heartbeat complete (#63)
2026/05/06 02:34:07 Convoy: close detected: hq-wisp-wisp-pi0s (from hq)
2026/05/06 02:34:12 Convoy: close detected: hq-wisp-egph (from hq)
2026/05/06 02:34:12 Convoy: close detected: hq-wisp-wisp-tj8c6 (from hq)
2026/05/06 02:34:57 doctor_dog: pouring molecule for agent execution
2026/05/06 02:34:57 dog_molecule: discover steps: parse children JSON for hq-wisp-wisp-4fglx failed: unrecognized JSON shape: {
  "hq-wisp-wisp-4fglx": [],
  "schema_version": 1
}
2026/05/06 02:34:57 dog_molecule: poured mol-dog-doctor → hq-wisp-wisp-4fglx (0 steps)
2026/05/06 02:34:57 doctor_dog: poured mol-dog-doctor → hq-wisp-wisp-4fglx
2026/05/06 02:34:57 dog_molecule: closeRemainingSteps: parse children JSON for hq-wisp-wisp-4fglx failed: unrecognized JSON shape: {
  "hq-wisp-wisp-4fglx": [],
  "schema_version": 1
}
2026/05/06 02:34:57 dog_molecule: discover steps: parse children JSON for hq-wisp-wisp-udo4u failed: unrecognized JSON shape: {
  "hq-wisp-wisp-udo4u": [],
  "schema_version": 1
}
2026/05/06 02:34:57 dog_molecule: poured mol-dog-jsonl → hq-wisp-wisp-udo4u (0 steps)
2026/05/06 02:34:57 jsonl_git_backup: git repo /home/stevef/.dolt-archive/git does not exist, skipping
2026/05/06 02:34:57 dog_molecule: closeRemainingSteps: parse children JSON for hq-wisp-wisp-udo4u failed: unrecognized JSON shape: {
  "hq-wisp-wisp-udo4u": [],
  "schema_version": 1
}
2026/05/06 02:35:02 Convoy: close detected: hq-wisp-wisp-4fglx (from hq)
2026/05/06 02:35:02 Convoy: close detected: hq-wisp-wisp-udo4u (from hq)
2026/05/06 02:36:35 Heartbeat starting (recovery-focused)
2026/05/06 02:36:35 Spawning Boot for triage...
2026/05/06 02:36:40 Boot spawned successfully
2026/05/06 02:36:43 Scheduler dispatch: 
⚠️  WARNING: Town root is on branch 'pr/qa-features' (should be 'main')
   This can cause gt commands to fail. Run: gt doctor --fix

2026/05/06 02:36:43 Heartbeat complete (#64)
2026/05/06 02:37:12 Convoy: close detected: hq-wisp-wisp-hgj2 (from hq)
2026/05/06 02:37:47 Convoy: close detected: hq-wisp-gh56 (from hq)
2026/05/06 02:39:12 Convoy: close detected: hq-wisp-wisp-63bte (from hq)
2026/05/06 02:39:12 Convoy: close detected: hq-wisp-wisp-6wbmr (from hq)
2026/05/06 02:39:12 Convoy: close detected: hq-wisp-wisp-jyo2k (from hq)
2026/05/06 02:39:43 Heartbeat starting (recovery-focused)
2026/05/06 02:39:43 Spawning Boot for triage...
2026/05/06 02:39:47 Boot spawned successfully
2026/05/06 02:39:48 Handler: no dispatchable idle dogs available, deferring remaining plugins
2026/05/06 02:39:50 Scheduler dispatch: 
⚠️  WARNING: Town root is on branch 'pr/qa-features' (should be 'main')
   This can cause gt commands to fail. Run: gt doctor --fix

2026/05/06 02:39:50 Heartbeat complete (#65)
2026/05/06 02:39:57 doctor_dog: pouring molecule for agent execution
2026/05/06 02:39:57 dog_molecule: discover steps: parse children JSON for hq-wisp-wisp-fre53 failed: unrecognized JSON shape: {
  "hq-wisp-wisp-fre53": [],
  "schema_version": 1
}
2026/05/06 02:39:57 dog_molecule: poured mol-dog-doctor → hq-wisp-wisp-fre53 (0 steps)
2026/05/06 02:39:57 doctor_dog: poured mol-dog-doctor → hq-wisp-wisp-fre53
2026/05/06 02:39:57 dog_molecule: closeRemainingSteps: parse children JSON for hq-wisp-wisp-fre53 failed: unrecognized JSON shape: {
  "hq-wisp-wisp-fre53": [],
  "schema_version": 1
}
2026/05/06 02:39:57 checkpoint_dog: starting cycle
2026/05/06 02:39:57 dog_molecule: discover steps: parse children JSON for hq-wisp-wisp-apjwh failed: unrecognized JSON shape: {
  "hq-wisp-wisp-apjwh": [],
  "schema_version": 1
}
2026/05/06 02:39:57 dog_molecule: poured mol-dog-checkpoint → hq-wisp-wisp-apjwh (0 steps)
2026/05/06 02:39:57 dog_molecule: closeStep "scan": unknown step (known: [])
2026/05/06 02:39:57 dog_molecule: closeStep "checkpoint": unknown step (known: [])
2026/05/06 02:39:57 checkpoint_dog: cycle complete — scanned 0 worktrees, checkpointed 0
2026/05/06 02:39:57 dog_molecule: closeStep "report": unknown step (known: [])
2026/05/06 02:39:57 dog_molecule: closeRemainingSteps: parse children JSON for hq-wisp-wisp-apjwh failed: unrecognized JSON shape: {
  "hq-wisp-wisp-apjwh": [],
  "schema_version": 1
}
2026/05/06 02:40:02 Convoy: close detected: hq-wisp-wisp-apjwh (from hq)
2026/05/06 02:40:02 Convoy: close detected: hq-wisp-wisp-fre53 (from hq)
2026/05/06 02:42:32 Convoy: close detected: hq-wisp-wisp-m8ulj (from hq)
2026/05/06 02:42:32 Convoy: close detected: hq-wisp-wisp-zx6s (from hq)
2026/05/06 02:42:37 Convoy: close detected: hq-wisp-wisp-botj (from hq)
2026/05/06 02:42:50 Heartbeat starting (recovery-focused)
2026/05/06 02:42:50 Spawning Boot for triage...
2026/05/06 02:42:55 Boot spawned successfully
2026/05/06 02:43:00 Scheduler dispatch: 
⚠️  WARNING: Town root is on branch 'pr/qa-features' (should be 'main')
   This can cause gt commands to fail. Run: gt doctor --fix

2026/05/06 02:43:00 Heartbeat complete (#66)
2026/05/06 02:43:17 Convoy: close detected: hq-wisp-ckho (from hq)
2026/05/06 02:43:17 Convoy: close detected: hq-wisp-wisp-62ecz (from hq)
2026/05/06 02:44:12 Convoy: close detected: hq-wisp-wisp-nz8xd (from hq)
2026/05/06 02:44:57 doctor_dog: pouring molecule for agent execution
2026/05/06 02:44:57 dog_molecule: discover steps: parse children JSON for hq-wisp-wisp-igowq failed: unrecognized JSON shape: {
  "hq-wisp-wisp-igowq": [],
  "schema_version": 1
}
2026/05/06 02:44:57 dog_molecule: poured mol-dog-doctor → hq-wisp-wisp-igowq (0 steps)
2026/05/06 02:44:57 doctor_dog: poured mol-dog-doctor → hq-wisp-wisp-igowq
2026/05/06 02:44:57 dog_molecule: closeRemainingSteps: parse children JSON for hq-wisp-wisp-igowq failed: unrecognized JSON shape: {
  "hq-wisp-wisp-igowq": [],
  "schema_version": 1
}
2026/05/06 02:45:02 Convoy: close detected: hq-wisp-wisp-igowq (from hq)
2026/05/06 02:45:47 Convoy: close detected: hq-wisp-wisp-jvwsy (from hq)
2026/05/06 02:46:00 Heartbeat starting (recovery-focused)
2026/05/06 02:46:00 Spawning Boot for triage...
2026/05/06 02:46:02 Convoy: close detected: hq-wisp-wisp-cwusp (from hq)
2026/05/06 02:46:04 Boot spawned successfully
2026/05/06 02:46:07 Scheduler dispatch: 
⚠️  WARNING: Town root is on branch 'pr/qa-features' (should be 'main')
   This can cause gt commands to fail. Run: gt doctor --fix

2026/05/06 02:46:07 Heartbeat complete (#67)
2026/05/06 02:46:32 Convoy: close detected: hq-wisp-wisp-iaf4y (from hq)
2026/05/06 02:46:32 Convoy: close detected: hq-wisp-wisp-uaq72 (from hq)
2026/05/06 02:46:42 Convoy: close detected: hq-wisp-wisp-vfp96 (from hq)
2026/05/06 02:46:52 Convoy: close detected: hq-wisp-wisp-9hh1a (from hq)
2026/05/06 02:46:57 Convoy: close detected: hq-wisp-wisp-09yk9 (from hq)
2026/05/06 02:47:17 Convoy: close detected: hq-wisp-wisp-lt94f (from hq)
2026/05/06 02:47:37 Convoy: close detected: hq-wisp-wisp-75cda (from hq)
2026/05/06 02:47:57 Convoy: close detected: hq-wisp-wisp-9xzgu (from hq)
2026/05/06 02:48:07 Convoy: close detected: hq-wisp-wisp-mp260 (from hq)
2026/05/06 02:48:22 Convoy: close detected: hq-wisp-wisp-ppg9x (from hq)
2026/05/06 02:48:27 Convoy: close detected: hq-wisp-wisp-yxzg3 (from hq)
2026/05/06 02:48:27 Convoy: close detected: hq-wisp-wisp-vhsu4 (from hq)
2026/05/06 02:48:32 Convoy: close detected: hq-wisp-wisp-uqxkd (from hq)
2026/05/06 02:48:42 Convoy: close detected: hq-wisp-wisp-thd6 (from hq)
2026/05/06 02:49:07 Heartbeat starting (recovery-focused)
2026/05/06 02:49:07 Spawning Boot for triage...
2026/05/06 02:49:12 Convoy: close detected: hq-wisp-wisp-2hzfx (from hq)
2026/05/06 02:49:12 Convoy: close detected: hq-wisp-wisp-5vceo (from hq)
2026/05/06 02:49:12 Boot spawned successfully
2026/05/06 02:49:15 Scheduler dispatch: 
⚠️  WARNING: Town root is on branch 'pr/qa-features' (should be 'main')
   This can cause gt commands to fail. Run: gt doctor --fix

2026/05/06 02:49:15 Heartbeat complete (#68)
2026/05/06 02:49:22 Convoy: close detected: hq-wisp-wisp-xli79 (from hq)
2026/05/06 02:49:22 Convoy: close detected: hq-wisp-xmfw (from hq)
2026/05/06 02:49:22 Convoy: close detected: hq-wisp-t8ot (from hq)
2026/05/06 02:49:57 checkpoint_dog: starting cycle
2026/05/06 02:49:57 dog_molecule: discover steps: parse children JSON for hq-wisp-wisp-l10pf failed: unrecognized JSON shape: {
  "hq-wisp-wisp-l10pf": [],
  "schema_version": 1
}
2026/05/06 02:49:57 dog_molecule: poured mol-dog-checkpoint → hq-wisp-wisp-l10pf (0 steps)
2026/05/06 02:49:57 dog_molecule: closeStep "scan": unknown step (known: [])
2026/05/06 02:49:57 dog_molecule: closeStep "checkpoint": unknown step (known: [])
2026/05/06 02:49:57 checkpoint_dog: cycle complete — scanned 0 worktrees, checkpointed 0
2026/05/06 02:49:57 dog_molecule: closeStep "report": unknown step (known: [])
2026/05/06 02:49:57 dog_molecule: closeRemainingSteps: parse children JSON for hq-wisp-wisp-l10pf failed: unrecognized JSON shape: {
  "hq-wisp-wisp-l10pf": [],
  "schema_version": 1
}
2026/05/06 02:49:57 doctor_dog: pouring molecule for agent execution
2026/05/06 02:49:57 dog_molecule: discover steps: parse children JSON for hq-wisp-wisp-p1fn7 failed: unrecognized JSON shape: {
  "hq-wisp-wisp-p1fn7": [],
  "schema_version": 1
}
2026/05/06 02:49:57 dog_molecule: poured mol-dog-doctor → hq-wisp-wisp-p1fn7 (0 steps)
2026/05/06 02:49:57 doctor_dog: poured mol-dog-doctor → hq-wisp-wisp-p1fn7
2026/05/06 02:49:57 dog_molecule: closeRemainingSteps: parse children JSON for hq-wisp-wisp-p1fn7 failed: unrecognized JSON shape: {
  "hq-wisp-wisp-p1fn7": [],
  "schema_version": 1
}
2026/05/06 02:49:57 dog_molecule: discover steps: parse children JSON for hq-wisp-wisp-oa426 failed: unrecognized JSON shape: {
  "hq-wisp-wisp-oa426": [],
  "schema_version": 1
}
2026/05/06 02:49:57 dog_molecule: poured mol-dog-reaper → hq-wisp-wisp-oa426 (0 steps)
2026/05/06 02:49:57 wisp_reaper: Dog dispatch failed (gt sling: exit status 1), running inline fallback
2026/05/06 02:49:57 wisp_reaper: scanning 5 databases (inline fallback)
2026/05/06 02:49:57 dog_molecule: closeStep "scan": unknown step (known: [])
2026/05/06 02:49:57 dog_molecule: closeStep "reap": unknown step (known: [])
2026/05/06 02:49:57 dog_molecule: closeStep "purge": unknown step (known: [])
2026/05/06 02:49:57 dog_molecule: closeStep "auto-close": unknown step (known: [])
2026/05/06 02:49:57 wisp_reaper: cycle complete — reaped=0 purged=0 mail_purged=0 plugin_closed=0 dispatch_closed=0 auto_closed=0 open=20 databases=5 dryRun=false
2026/05/06 02:49:57 dog_molecule: closeStep "report": unknown step (known: [])
2026/05/06 02:49:57 dog_molecule: closeRemainingSteps: parse children JSON for hq-wisp-wisp-oa426 failed: unrecognized JSON shape: {
  "hq-wisp-wisp-oa426": [],
  "schema_version": 1
}
2026/05/06 02:49:58 main_branch_test: starting patrol cycle
2026/05/06 02:49:58 main_branch_test: no rigs found
2026/05/06 02:49:58 dog_molecule: discover steps: parse children JSON for hq-wisp-wisp-cj3yw failed: unrecognized JSON shape: {
  "hq-wisp-wisp-cj3yw": [],
  "schema_version": 1
}
2026/05/06 02:49:58 dog_molecule: poured mol-dog-jsonl → hq-wisp-wisp-cj3yw (0 steps)
2026/05/06 02:49:58 jsonl_git_backup: git repo /home/stevef/.dolt-archive/git does not exist, skipping
2026/05/06 02:49:58 dog_molecule: closeRemainingSteps: parse children JSON for hq-wisp-wisp-cj3yw failed: unrecognized JSON shape: {
  "hq-wisp-wisp-cj3yw": [],
  "schema_version": 1
}
2026/05/06 02:50:02 Convoy: close detected: hq-wisp-wisp-oa426 (from hq)
2026/05/06 02:50:02 Convoy: close detected: hq-wisp-wisp-p1fn7 (from hq)
2026/05/06 02:50:02 Convoy: close detected: hq-wisp-wisp-l10pf (from hq)
2026/05/06 02:50:02 Convoy: close detected: hq-wisp-wisp-cj3yw (from hq)
2026/05/06 02:52:15 Heartbeat starting (recovery-focused)
2026/05/06 02:52:15 Spawning Boot for triage...
2026/05/06 02:52:19 Boot spawned successfully
2026/05/06 02:52:19 Handler: no dispatchable idle dogs available, deferring remaining plugins
2026/05/06 02:52:22 Scheduler dispatch: 
⚠️  WARNING: Town root is on branch 'pr/qa-features' (should be 'main')
   This can cause gt commands to fail. Run: gt doctor --fix

2026/05/06 02:52:22 Heartbeat complete (#69)
2026/05/06 02:52:32 Convoy: close detected: hq-wisp-wisp-xk14q (from hq)
2026/05/06 02:54:12 Convoy: close detected: hq-wisp-wisp-9v56r (from hq)
2026/05/06 02:54:12 Convoy: close detected: hq-wisp-wisp-7xppo (from hq)
2026/05/06 02:54:52 Convoy: close detected: hq-wisp-wisp-6lb5 (from hq)
2026/05/06 02:54:52 Convoy: close detected: hq-wisp-wisp-7sxg (from hq)
2026/05/06 02:54:57 doctor_dog: pouring molecule for agent execution
2026/05/06 02:54:57 Convoy: close detected: hq-wisp-js78 (from hq)
2026/05/06 02:54:58 dog_molecule: discover steps: parse children JSON for hq-wisp-wisp-y81qt failed: unrecognized JSON shape: {
  "hq-wisp-wisp-y81qt": [],
  "schema_version": 1
}
2026/05/06 02:54:58 dog_molecule: poured mol-dog-doctor → hq-wisp-wisp-y81qt (0 steps)
2026/05/06 02:54:58 doctor_dog: poured mol-dog-doctor → hq-wisp-wisp-y81qt
2026/05/06 02:54:58 dog_molecule: closeRemainingSteps: parse children JSON for hq-wisp-wisp-y81qt failed: unrecognized JSON shape: {
  "hq-wisp-wisp-y81qt": [],
  "schema_version": 1
}
2026/05/06 02:55:02 Convoy: close detected: hq-wisp-wisp-y81qt (from hq)
2026/05/06 02:55:22 Heartbeat starting (recovery-focused)
2026/05/06 02:55:22 Spawning Boot for triage...
2026/05/06 02:55:26 Boot spawned successfully
2026/05/06 02:55:29 Scheduler dispatch: 
⚠️  WARNING: Town root is on branch 'pr/qa-features' (should be 'main')
   This can cause gt commands to fail. Run: gt doctor --fix

2026/05/06 02:55:29 Heartbeat complete (#70)
2026/05/06 02:58:07 Convoy: close detected: hq-wisp-wisp-x6tsi (from hq)
2026/05/06 02:58:29 Heartbeat starting (recovery-focused)
2026/05/06 02:58:29 Spawning Boot for triage...
2026/05/06 02:58:32 Convoy: close detected: hq-wisp-wisp-2vu8i (from hq)
2026/05/06 02:58:34 Boot spawned successfully
2026/05/06 02:58:37 Scheduler dispatch: 
⚠️  WARNING: Town root is on branch 'pr/qa-features' (should be 'main')
   This can cause gt commands to fail. Run: gt doctor --fix

2026/05/06 02:58:37 Heartbeat complete (#71)
2026/05/06 02:58:42 Convoy: close detected: hq-wisp-wisp-cdjy2 (from hq)
2026/05/06 02:58:52 Convoy: close detected: hq-wisp-wisp-pexka (from hq)
2026/05/06 02:58:57 Convoy: close detected: hq-wisp-wisp-l511m (from hq)
2026/05/06 02:58:57 Convoy: close detected: hq-wisp-wisp-cmpki (from hq)
2026/05/06 02:58:57 Convoy: close detected: hq-wisp-wisp-jjiou (from hq)
2026/05/06 02:59:02 Convoy: close detected: hq-wisp-wisp-7hrk0 (from hq)
2026/05/06 02:59:07 Convoy: close detected: hq-wisp-wisp-yost6 (from hq)
2026/05/06 02:59:12 Convoy: close detected: hq-wisp-wisp-pa07d (from hq)
2026/05/06 02:59:12 Convoy: close detected: hq-wisp-wisp-gcm5k (from hq)
2026/05/06 02:59:12 Convoy: close detected: hq-wisp-wisp-9469j (from hq)
2026/05/06 02:59:12 Convoy: close detected: hq-wisp-wisp-nqgun (from hq)
2026/05/06 02:59:17 Convoy: close detected: hq-wisp-wisp-7lir6 (from hq)
2026/05/06 02:59:22 Convoy: close detected: hq-wisp-wisp-cwllq (from hq)
2026/05/06 02:59:22 Convoy: close detected: hq-wisp-wisp-27q1s (from hq)
2026/05/06 02:59:27 Convoy: close detected: hq-wisp-wisp-1a2fj (from hq)
2026/05/06 02:59:37 Convoy: close detected: hq-wisp-wisp-uz0ck (from hq)
2026/05/06 02:59:42 Convoy: close detected: hq-wisp-wisp-z766e (from hq)
2026/05/06 02:59:47 Convoy: close detected: hq-wisp-wisp-c45kr (from hq)
2026/05/06 02:59:47 Convoy: close detected: hq-wisp-wisp-gcz8q (from hq)
2026/05/06 02:59:57 doctor_dog: pouring molecule for agent execution
2026/05/06 02:59:57 Convoy: close detected: hq-wisp-wisp-j9i4l (from hq)
2026/05/06 02:59:57 dog_molecule: discover steps: parse children JSON for hq-wisp-wisp-igrgk failed: unrecognized JSON shape: {
  "hq-wisp-wisp-igrgk": [],
  "schema_version": 1
}
2026/05/06 02:59:57 dog_molecule: poured mol-dog-doctor → hq-wisp-wisp-igrgk (0 steps)
2026/05/06 02:59:57 doctor_dog: poured mol-dog-doctor → hq-wisp-wisp-igrgk
2026/05/06 02:59:57 dog_molecule: closeRemainingSteps: parse children JSON for hq-wisp-wisp-igrgk failed: unrecognized JSON shape: {
  "hq-wisp-wisp-igrgk": [],
  "schema_version": 1
}
2026/05/06 02:59:57 checkpoint_dog: starting cycle
2026/05/06 02:59:57 dog_molecule: discover steps: parse children JSON for hq-wisp-wisp-6sq52 failed: unrecognized JSON shape: {
  "hq-wisp-wisp-6sq52": [],
  "schema_version": 1
}
2026/05/06 02:59:57 dog_molecule: poured mol-dog-checkpoint → hq-wisp-wisp-6sq52 (0 steps)
2026/05/06 02:59:57 dog_molecule: closeStep "scan": unknown step (known: [])
2026/05/06 02:59:57 dog_molecule: closeStep "checkpoint": unknown step (known: [])
2026/05/06 02:59:57 checkpoint_dog: cycle complete — scanned 0 worktrees, checkpointed 0
2026/05/06 02:59:57 dog_molecule: closeStep "report": unknown step (known: [])
2026/05/06 02:59:57 dog_molecule: closeRemainingSteps: parse children JSON for hq-wisp-wisp-6sq52 failed: unrecognized JSON shape: {
  "hq-wisp-wisp-6sq52": [],
  "schema_version": 1
}
2026/05/06 03:00:02 Convoy: close detected: hq-wisp-wisp-6sq52 (from hq)
2026/05/06 03:00:02 Convoy: close detected: hq-wisp-wisp-igrgk (from hq)
2026/05/06 03:00:02 Convoy: close detected: hq-wisp-wisp-pdlsb (from hq)
2026/05/06 03:00:02 Convoy: close detected: hq-wisp-wisp-nlrpt (from hq)
2026/05/06 03:00:07 Convoy: close detected: hq-wisp-wisp-95qss (from hq)
2026/05/06 03:00:17 Convoy: close detected: hq-wisp-wisp-9mfud (from hq)
2026/05/06 03:00:22 Convoy: close detected: hq-wisp-wisp-ck5ze (from hq)
2026/05/06 03:00:32 Convoy: close detected: hq-wisp-wisp-kdp0z (from hq)
2026/05/06 03:00:37 Convoy: close detected: hq-wisp-wisp-802sr (from hq)
2026/05/06 03:00:42 Convoy: close detected: hq-wisp-wisp-dfxr5 (from hq)
2026/05/06 03:00:52 Convoy: close detected: hq-wisp-wisp-n7bxe (from hq)
2026/05/06 03:00:52 Convoy: close detected: hq-wisp-wisp-fomoa (from hq)
2026/05/06 03:00:57 Convoy: close detected: hq-wisp-wisp-crzsp (from hq)
2026/05/06 03:01:02 Convoy: close detected: hq-wisp-wisp-qgp5 (from hq)
2026/05/06 03:01:17 Convoy: close detected: hq-wisp-a2n3 (from hq)
2026/05/06 03:01:17 Convoy: close detected: hq-wisp-twqq (from hq)
2026/05/06 03:01:37 Heartbeat starting (recovery-focused)
2026/05/06 03:01:37 Spawning Boot for triage...
2026/05/06 03:01:41 Boot spawned successfully
2026/05/06 03:01:42 Handler: no dispatchable idle dogs available, deferring remaining plugins
2026/05/06 03:01:44 Scheduler dispatch: 
⚠️  WARNING: Town root is on branch 'pr/qa-features' (should be 'main')
   This can cause gt commands to fail. Run: gt doctor --fix

2026/05/06 03:01:44 Heartbeat complete (#72)
2026/05/06 03:04:07 Convoy: close detected: hq-wisp-wisp-qna2 (from hq)
2026/05/06 03:04:12 Convoy: close detected: hq-wisp-wisp-ns5c6 (from hq)
2026/05/06 03:04:44 Heartbeat starting (recovery-focused)
2026/05/06 03:04:44 Spawning Boot for triage...
2026/05/06 03:04:48 Boot spawned successfully
2026/05/06 03:04:49 Handler: no dispatchable idle dogs available, deferring remaining plugins
2026/05/06 03:04:51 Scheduler dispatch: 
⚠️  WARNING: Town root is on branch 'pr/qa-features' (should be 'main')
   This can cause gt commands to fail. Run: gt doctor --fix

2026/05/06 03:04:51 Heartbeat complete (#73)
2026/05/06 03:04:57 doctor_dog: pouring molecule for agent execution
2026/05/06 03:04:57 dog_molecule: discover steps: parse children JSON for hq-wisp-wisp-14j6z failed: unrecognized JSON shape: {
  "hq-wisp-wisp-14j6z": [],
  "schema_version": 1
}
2026/05/06 03:04:57 dog_molecule: poured mol-dog-doctor → hq-wisp-wisp-14j6z (0 steps)
2026/05/06 03:04:57 doctor_dog: poured mol-dog-doctor → hq-wisp-wisp-14j6z
2026/05/06 03:04:57 dog_molecule: closeRemainingSteps: parse children JSON for hq-wisp-wisp-14j6z failed: unrecognized JSON shape: {
  "hq-wisp-wisp-14j6z": [],
  "schema_version": 1
}
2026/05/06 03:04:57 scheduled_maintenance: in window 03:00, checking commit counts
2026/05/06 03:04:57 scheduled_maintenance: hq: 919 commits (below threshold 1000)
2026/05/06 03:04:57 scheduled_maintenance: all databases below threshold, skipping
2026/05/06 03:04:57 dog_molecule: discover steps: parse children JSON for hq-wisp-wisp-l8z0y failed: unrecognized JSON shape: {
  "hq-wisp-wisp-l8z0y": [],
  "schema_version": 1
}
2026/05/06 03:04:57 dog_molecule: poured mol-dog-jsonl → hq-wisp-wisp-l8z0y (0 steps)
2026/05/06 03:04:57 jsonl_git_backup: git repo /home/stevef/.dolt-archive/git does not exist, skipping
2026/05/06 03:04:57 dog_molecule: closeRemainingSteps: parse children JSON for hq-wisp-wisp-l8z0y failed: unrecognized JSON shape: {
  "hq-wisp-wisp-l8z0y": [],
  "schema_version": 1
}
2026/05/06 03:05:02 Convoy: close detected: hq-wisp-wisp-l8z0y (from hq)
2026/05/06 03:05:02 Convoy: close detected: hq-wisp-wisp-14j6z (from hq)
2026/05/06 03:07:12 Convoy: close detected: hq-wisp-wisp-hs82 (from hq)
2026/05/06 03:07:12 Convoy: close detected: hq-wisp-wisp-q3bh (from hq)
2026/05/06 03:07:51 Heartbeat starting (recovery-focused)
2026/05/06 03:07:51 Spawning Boot for triage...
2026/05/06 03:07:55 Boot spawned successfully
2026/05/06 03:07:59 Scheduler dispatch: 
⚠️  WARNING: Town root is on branch 'pr/qa-features' (should be 'main')
   This can cause gt commands to fail. Run: gt doctor --fix

2026/05/06 03:07:59 Heartbeat complete (#74)
2026/05/06 03:09:57 doctor_dog: pouring molecule for agent execution
2026/05/06 03:09:57 dog_molecule: discover steps: parse children JSON for hq-wisp-wisp-8iy6s failed: unrecognized JSON shape: {
  "hq-wisp-wisp-8iy6s": [],
  "schema_version": 1
}
2026/05/06 03:09:57 dog_molecule: poured mol-dog-doctor → hq-wisp-wisp-8iy6s (0 steps)
2026/05/06 03:09:57 doctor_dog: poured mol-dog-doctor → hq-wisp-wisp-8iy6s
2026/05/06 03:09:57 dog_molecule: closeRemainingSteps: parse children JSON for hq-wisp-wisp-8iy6s failed: unrecognized JSON shape: {
  "hq-wisp-wisp-8iy6s": [],
  "schema_version": 1
}
2026/05/06 03:09:57 checkpoint_dog: starting cycle
2026/05/06 03:09:57 dog_molecule: discover steps: parse children JSON for hq-wisp-wisp-2chdf failed: unrecognized JSON shape: {
  "hq-wisp-wisp-2chdf": [],
  "schema_version": 1
}
2026/05/06 03:09:57 dog_molecule: poured mol-dog-checkpoint → hq-wisp-wisp-2chdf (0 steps)
2026/05/06 03:09:57 dog_molecule: closeStep "scan": unknown step (known: [])
2026/05/06 03:09:57 dog_molecule: closeStep "checkpoint": unknown step (known: [])
2026/05/06 03:09:57 checkpoint_dog: cycle complete — scanned 0 worktrees, checkpointed 0
2026/05/06 03:09:57 dog_molecule: closeStep "report": unknown step (known: [])
2026/05/06 03:09:57 dog_molecule: closeRemainingSteps: parse children JSON for hq-wisp-wisp-2chdf failed: unrecognized JSON shape: {
  "hq-wisp-wisp-2chdf": [],
  "schema_version": 1
}
2026/05/06 03:10:02 Convoy: close detected: hq-wisp-wisp-2chdf (from hq)
2026/05/06 03:10:02 Convoy: close detected: hq-wisp-wisp-8iy6s (from hq)
2026/05/06 03:10:59 Heartbeat starting (recovery-focused)
2026/05/06 03:10:59 Spawning Boot for triage...
2026/05/06 03:11:03 Boot spawned successfully
2026/05/06 03:11:03 Handler: no dispatchable idle dogs available, deferring remaining plugins
2026/05/06 03:11:06 Scheduler dispatch: 
⚠️  WARNING: Town root is on branch 'pr/qa-features' (should be 'main')
   This can cause gt commands to fail. Run: gt doctor --fix

2026/05/06 03:11:06 Heartbeat complete (#75)
2026/05/06 03:11:42 Convoy: close detected: hq-wisp-v8si (from hq)
2026/05/06 03:12:32 Convoy: close detected: hq-wisp-wisp-yb9z4 (from hq)
2026/05/06 03:12:32 Convoy: close detected: hq-wisp-wisp-6218 (from hq)
2026/05/06 03:12:32 Convoy: close detected: hq-wisp-wisp-jcp2 (from hq)
2026/05/06 03:12:32 Convoy: close detected: hq-wisp-wisp-q6qd (from hq)
2026/05/06 03:12:37 Convoy: close detected: hq-wisp-wisp-eetok (from hq)
2026/05/06 03:12:37 Convoy: close detected: hq-wisp-wisp-jhbga (from hq)
2026/05/06 03:12:37 Convoy: close detected: hq-wisp-wisp-cto32 (from hq)
2026/05/06 03:12:42 Convoy: close detected: hq-wisp-t1lt (from hq)
2026/05/06 03:14:06 Heartbeat starting (recovery-focused)
2026/05/06 03:14:06 Spawning Boot for triage...
2026/05/06 03:14:10 Boot spawned successfully
2026/05/06 03:14:12 Convoy: close detected: hq-wisp-wisp-v516k (from hq)
2026/05/06 03:14:13 Scheduler dispatch: 
⚠️  WARNING: Town root is on branch 'pr/qa-features' (should be 'main')
   This can cause gt commands to fail. Run: gt doctor --fix

2026/05/06 03:14:13 Heartbeat complete (#76)
2026/05/06 03:14:57 doctor_dog: pouring molecule for agent execution
2026/05/06 03:14:57 dog_molecule: discover steps: parse children JSON for hq-wisp-wisp-j3379 failed: unrecognized JSON shape: {
  "hq-wisp-wisp-j3379": [],
  "schema_version": 1
}
2026/05/06 03:14:57 dog_molecule: poured mol-dog-doctor → hq-wisp-wisp-j3379 (0 steps)
2026/05/06 03:14:57 doctor_dog: poured mol-dog-doctor → hq-wisp-wisp-j3379
2026/05/06 03:14:57 dog_molecule: closeRemainingSteps: parse children JSON for hq-wisp-wisp-j3379 failed: unrecognized JSON shape: {
  "hq-wisp-wisp-j3379": [],
  "schema_version": 1
}
2026/05/06 03:15:02 Convoy: close detected: hq-wisp-wisp-j3379 (from hq)
2026/05/06 03:15:47 Convoy: close detected: hq-wisp-wisp-tejg9 (from hq)
2026/05/06 03:15:52 Convoy: close detected: hq-wisp-wisp-ttov1 (from hq)
2026/05/06 03:17:02 Convoy: close detected: hq-wisp-wisp-ehl0i (from hq)
2026/05/06 03:17:02 Convoy: close detected: hq-wisp-wisp-2l984 (from hq)
2026/05/06 03:17:13 Heartbeat starting (recovery-focused)
2026/05/06 03:17:13 Spawning Boot for triage...
2026/05/06 03:17:17 Convoy: close detected: hq-wisp-wisp-vnvbv (from hq)
2026/05/06 03:17:18 Boot spawned successfully
2026/05/06 03:17:21 Scheduler dispatch: 
⚠️  WARNING: Town root is on branch 'pr/qa-features' (should be 'main')
   This can cause gt commands to fail. Run: gt doctor --fix

2026/05/06 03:17:21 Heartbeat complete (#77)
2026/05/06 03:17:22 Convoy: close detected: hq-wisp-wisp-mnf89 (from hq)
2026/05/06 03:17:22 Convoy: close detected: hq-wisp-wisp-5kqle (from hq)
2026/05/06 03:17:27 Convoy: close detected: hq-wisp-wisp-4f1p2 (from hq)
2026/05/06 03:17:37 Convoy: close detected: hq-wisp-wisp-wuych (from hq)
2026/05/06 03:18:07 Convoy: close detected: hq-wisp-wisp-5xifo (from hq)
2026/05/06 03:18:07 Convoy: close detected: hq-wisp-wisp-5dibp (from hq)
2026/05/06 03:18:07 Convoy: close detected: hq-wisp-wisp-1gchx (from hq)
2026/05/06 03:18:17 Convoy: close detected: hq-wisp-wisp-qgnap (from hq)
2026/05/06 03:18:27 Convoy: close detected: hq-wisp-wisp-rsyg4 (from hq)
2026/05/06 03:18:27 Convoy: close detected: hq-wisp-wisp-slllv (from hq)
2026/05/06 03:18:27 Convoy: close detected: hq-wisp-wisp-gwrsu (from hq)
2026/05/06 03:18:32 Convoy: close detected: hq-wisp-wisp-u73es (from hq)
2026/05/06 03:18:32 Convoy: close detected: hq-wisp-wisp-c24nk (from hq)
2026/05/06 03:18:32 Convoy: close detected: hq-wisp-wisp-77z8q (from hq)
2026/05/06 03:18:37 Convoy: close detected: hq-wisp-wisp-r7j7d (from hq)
2026/05/06 03:18:42 Convoy: close detected: hq-wisp-wisp-y5wt (from hq)
2026/05/06 03:19:12 Convoy: close detected: hq-wisp-wisp-ljxsd (from hq)
2026/05/06 03:19:12 Convoy: close detected: hq-wisp-wisp-kpd3j (from hq)
2026/05/06 03:19:57 main_branch_test: starting patrol cycle
2026/05/06 03:19:57 main_branch_test: no rigs found
2026/05/06 03:19:57 checkpoint_dog: starting cycle
2026/05/06 03:19:57 dog_molecule: discover steps: parse children JSON for hq-wisp-wisp-chugw failed: unrecognized JSON shape: {
  "hq-wisp-wisp-chugw": [],
  "schema_version": 1
}
2026/05/06 03:19:57 dog_molecule: poured mol-dog-checkpoint → hq-wisp-wisp-chugw (0 steps)
2026/05/06 03:19:57 dog_molecule: closeStep "scan": unknown step (known: [])
2026/05/06 03:19:57 dog_molecule: closeStep "checkpoint": unknown step (known: [])
2026/05/06 03:19:57 checkpoint_dog: cycle complete — scanned 0 worktrees, checkpointed 0
2026/05/06 03:19:57 dog_molecule: closeStep "report": unknown step (known: [])
2026/05/06 03:19:57 dog_molecule: closeRemainingSteps: parse children JSON for hq-wisp-wisp-chugw failed: unrecognized JSON shape: {
  "hq-wisp-wisp-chugw": [],
  "schema_version": 1
}
2026/05/06 03:19:57 doctor_dog: pouring molecule for agent execution
2026/05/06 03:19:57 dog_molecule: discover steps: parse children JSON for hq-wisp-wisp-uk2i6 failed: unrecognized JSON shape: {
  "hq-wisp-wisp-uk2i6": [],
  "schema_version": 1
}
2026/05/06 03:19:57 dog_molecule: poured mol-dog-doctor → hq-wisp-wisp-uk2i6 (0 steps)
2026/05/06 03:19:57 doctor_dog: poured mol-dog-doctor → hq-wisp-wisp-uk2i6
2026/05/06 03:19:57 dog_molecule: closeRemainingSteps: parse children JSON for hq-wisp-wisp-uk2i6 failed: unrecognized JSON shape: {
  "hq-wisp-wisp-uk2i6": [],
  "schema_version": 1
}
2026/05/06 03:19:57 dog_molecule: discover steps: parse children JSON for hq-wisp-wisp-cmd0k failed: unrecognized JSON shape: {
  "hq-wisp-wisp-cmd0k": [],
  "schema_version": 1
}
2026/05/06 03:19:57 dog_molecule: poured mol-dog-jsonl → hq-wisp-wisp-cmd0k (0 steps)
2026/05/06 03:19:57 jsonl_git_backup: git repo /home/stevef/.dolt-archive/git does not exist, skipping
2026/05/06 03:19:57 dog_molecule: closeRemainingSteps: parse children JSON for hq-wisp-wisp-cmd0k failed: unrecognized JSON shape: {
  "hq-wisp-wisp-cmd0k": [],
  "schema_version": 1
}
2026/05/06 03:19:57 dog_molecule: discover steps: parse children JSON for hq-wisp-wisp-lmvbu failed: unrecognized JSON shape: {
  "hq-wisp-wisp-lmvbu": [],
  "schema_version": 1
}
2026/05/06 03:19:57 dog_molecule: poured mol-dog-reaper → hq-wisp-wisp-lmvbu (0 steps)
2026/05/06 03:19:58 wisp_reaper: Dog dispatch failed (gt sling: exit status 1), running inline fallback
2026/05/06 03:19:58 wisp_reaper: scanning 5 databases (inline fallback)
2026/05/06 03:19:58 dog_molecule: closeStep "scan": unknown step (known: [])
2026/05/06 03:19:58 dog_molecule: closeStep "reap": unknown step (known: [])
2026/05/06 03:19:58 dog_molecule: closeStep "purge": unknown step (known: [])
2026/05/06 03:19:58 dog_molecule: closeStep "auto-close": unknown step (known: [])
2026/05/06 03:19:58 wisp_reaper: cycle complete — reaped=0 purged=0 mail_purged=0 plugin_closed=0 dispatch_closed=0 auto_closed=0 open=22 databases=5 dryRun=false
2026/05/06 03:19:58 dog_molecule: closeStep "report": unknown step (known: [])
2026/05/06 03:19:58 dog_molecule: closeRemainingSteps: parse children JSON for hq-wisp-wisp-lmvbu failed: unrecognized JSON shape: {
  "hq-wisp-wisp-lmvbu": [],
  "schema_version": 1
}
2026/05/06 03:20:02 Convoy: close detected: hq-wisp-wisp-chugw (from hq)
2026/05/06 03:20:02 Convoy: close detected: hq-wisp-wisp-uk2i6 (from hq)
2026/05/06 03:20:02 Convoy: close detected: hq-wisp-wisp-cmd0k (from hq)
2026/05/06 03:20:02 Convoy: close detected: hq-wisp-wisp-lmvbu (from hq)
2026/05/06 03:20:21 Heartbeat starting (recovery-focused)
2026/05/06 03:20:21 Spawning Boot for triage...
2026/05/06 03:20:25 Boot spawned successfully
2026/05/06 03:20:28 Scheduler dispatch: 
⚠️  WARNING: Town root is on branch 'pr/qa-features' (should be 'main')
   This can cause gt commands to fail. Run: gt doctor --fix

2026/05/06 03:20:28 Heartbeat complete (#78)
2026/05/06 03:21:52 Convoy: close detected: hq-wisp-wisp-ntq68 (from hq)
2026/05/06 03:22:07 Convoy: close detected: hq-wisp-wisp-54t84 (from hq)
2026/05/06 03:22:32 Convoy: close detected: hq-wisp-wisp-gw0mq (from hq)
2026/05/06 03:22:47 Convoy: close detected: hq-wisp-wisp-xorxe (from hq)
2026/05/06 03:22:52 Convoy: close detected: hq-wisp-wisp-jrmzt (from hq)
2026/05/06 03:23:02 Convoy: close detected: hq-wisp-wisp-82wnh (from hq)
2026/05/06 03:23:07 Convoy: close detected: hq-wisp-wisp-5ug2r (from hq)
2026/05/06 03:23:17 Convoy: close detected: hq-wisp-wisp-vc27e (from hq)
2026/05/06 03:23:22 Convoy: close detected: hq-wisp-wisp-r7ipr (from hq)
2026/05/06 03:23:28 Heartbeat starting (recovery-focused)
2026/05/06 03:23:28 Spawning Boot for triage...
2026/05/06 03:23:32 Convoy: close detected: hq-wisp-wisp-gfbmr (from hq)
2026/05/06 03:23:33 Boot spawned successfully
2026/05/06 03:23:36 Scheduler dispatch: 
⚠️  WARNING: Town root is on branch 'pr/qa-features' (should be 'main')
   This can cause gt commands to fail. Run: gt doctor --fix

2026/05/06 03:23:36 Heartbeat complete (#79)
2026/05/06 03:23:37 Convoy: close detected: hq-wisp-wisp-051yu (from hq)
2026/05/06 03:23:47 Convoy: close detected: hq-wisp-wisp-9r14g (from hq)
2026/05/06 03:23:57 Convoy: close detected: hq-wisp-wisp-64st1 (from hq)
2026/05/06 03:24:02 Convoy: close detected: hq-wisp-wisp-66p5l (from hq)
2026/05/06 03:24:07 Convoy: close detected: hq-wisp-wisp-xvaly (from hq)
2026/05/06 03:24:07 Convoy: close detected: hq-wisp-wisp-uel53 (from hq)
2026/05/06 03:24:12 Convoy: close detected: hq-wisp-wisp-x7f4l (from hq)
2026/05/06 03:24:12 Convoy: close detected: hq-wisp-wisp-9pfl1 (from hq)
2026/05/06 03:24:22 Convoy: close detected: hq-wisp-wisp-e58gl (from hq)
2026/05/06 03:24:22 Convoy: close detected: hq-wisp-wisp-warrb (from hq)
2026/05/06 03:24:27 Convoy: close detected: hq-wisp-wisp-plu13 (from hq)
2026/05/06 03:24:32 Convoy: close detected: hq-wisp-wisp-xqhz7 (from hq)
2026/05/06 03:24:32 Convoy: close detected: hq-wisp-wisp-pljqd (from hq)
2026/05/06 03:24:32 Convoy: close detected: hq-wisp-wisp-39qht (from hq)
2026/05/06 03:24:42 Convoy: close detected: hq-wisp-wisp-25arc (from hq)
2026/05/06 03:24:52 Convoy: close detected: hq-wisp-wisp-9tje (from hq)
2026/05/06 03:24:57 doctor_dog: pouring molecule for agent execution
2026/05/06 03:24:59 dog_molecule: discover steps: parse children JSON for hq-wisp-wisp-rx3vn failed: unrecognized JSON shape: {
  "hq-wisp-wisp-rx3vn": [],
  "schema_version": 1
}
2026/05/06 03:24:59 dog_molecule: poured mol-dog-doctor → hq-wisp-wisp-rx3vn (0 steps)
2026/05/06 03:24:59 doctor_dog: poured mol-dog-doctor → hq-wisp-wisp-rx3vn
2026/05/06 03:24:59 dog_molecule: closeRemainingSteps: parse children JSON for hq-wisp-wisp-rx3vn failed: unrecognized JSON shape: {
  "hq-wisp-wisp-rx3vn": [],
  "schema_version": 1
}
2026/05/06 03:25:02 Convoy: close detected: hq-wisp-wisp-rx3vn (from hq)
2026/05/06 03:26:36 Heartbeat starting (recovery-focused)
2026/05/06 03:26:36 Spawning Boot for triage...
2026/05/06 03:26:40 Boot spawned successfully
2026/05/06 03:26:41 Handler: no dispatchable idle dogs available, deferring remaining plugins
2026/05/06 03:26:43 Scheduler dispatch: 
⚠️  WARNING: Town root is on branch 'pr/qa-features' (should be 'main')
   This can cause gt commands to fail. Run: gt doctor --fix

2026/05/06 03:26:43 Heartbeat complete (#80)
2026/05/06 03:27:57 Convoy: close detected: hq-wisp-wisp-u14d (from hq)
2026/05/06 03:27:57 Convoy: close detected: hq-wisp-wisp-jba7 (from hq)
2026/05/06 03:28:17 Convoy: close detected: hq-wisp-sm8d (from hq)
2026/05/06 03:28:17 Convoy: close detected: hq-wisp-2gkv (from hq)
2026/05/06 03:29:12 Convoy: close detected: hq-wisp-wisp-selxs (from hq)
2026/05/06 03:29:12 Convoy: close detected: hq-wisp-wisp-e1h16 (from hq)
2026/05/06 03:29:43 Heartbeat starting (recovery-focused)
2026/05/06 03:29:43 Spawning Boot for triage...
2026/05/06 03:29:48 Boot spawned successfully
2026/05/06 03:29:48 Handler: no dispatchable idle dogs available, deferring remaining plugins
2026/05/06 03:29:50 Scheduler dispatch: 
⚠️  WARNING: Town root is on branch 'pr/qa-features' (should be 'main')
   This can cause gt commands to fail. Run: gt doctor --fix

2026/05/06 03:29:50 Heartbeat complete (#81)
2026/05/06 03:29:57 doctor_dog: pouring molecule for agent execution
2026/05/06 03:29:57 dog_molecule: discover steps: parse children JSON for hq-wisp-wisp-k9lvl failed: unrecognized JSON shape: {
  "hq-wisp-wisp-k9lvl": [],
  "schema_version": 1
}
2026/05/06 03:29:57 dog_molecule: poured mol-dog-doctor → hq-wisp-wisp-k9lvl (0 steps)
2026/05/06 03:29:57 doctor_dog: poured mol-dog-doctor → hq-wisp-wisp-k9lvl
2026/05/06 03:29:57 dog_molecule: closeRemainingSteps: parse children JSON for hq-wisp-wisp-k9lvl failed: unrecognized JSON shape: {
  "hq-wisp-wisp-k9lvl": [],
  "schema_version": 1
}
2026/05/06 03:29:57 checkpoint_dog: starting cycle
2026/05/06 03:29:57 dog_molecule: discover steps: parse children JSON for hq-wisp-wisp-5hzz8 failed: unrecognized JSON shape: {
  "hq-wisp-wisp-5hzz8": [],
  "schema_version": 1
}
2026/05/06 03:29:57 dog_molecule: poured mol-dog-checkpoint → hq-wisp-wisp-5hzz8 (0 steps)
2026/05/06 03:29:57 dog_molecule: closeStep "scan": unknown step (known: [])
2026/05/06 03:29:57 dog_molecule: closeStep "checkpoint": unknown step (known: [])
2026/05/06 03:29:57 checkpoint_dog: cycle complete — scanned 0 worktrees, checkpointed 0
2026/05/06 03:29:57 dog_molecule: closeStep "report": unknown step (known: [])
2026/05/06 03:29:57 dog_molecule: closeRemainingSteps: parse children JSON for hq-wisp-wisp-5hzz8 failed: unrecognized JSON shape: {
  "hq-wisp-wisp-5hzz8": [],
  "schema_version": 1
}
2026/05/06 03:30:02 Convoy: close detected: hq-wisp-wisp-k9lvl (from hq)
2026/05/06 03:30:02 Convoy: close detected: hq-wisp-wisp-5hzz8 (from hq)
2026/05/06 03:31:02 Convoy: close detected: hq-wisp-wisp-v5vo (from hq)
2026/05/06 03:31:37 Convoy: close detected: hq-wisp-ujy3 (from hq)
2026/05/06 03:31:37 Convoy: close detected: hq-wisp-2xix (from hq)
2026/05/06 03:32:50 Heartbeat starting (recovery-focused)
2026/05/06 03:32:50 Spawning Boot for triage...
2026/05/06 03:32:55 Boot spawned successfully
2026/05/06 03:33:00 Scheduler dispatch: 
⚠️  WARNING: Town root is on branch 'pr/qa-features' (should be 'main')
   This can cause gt commands to fail. Run: gt doctor --fix

2026/05/06 03:33:00 Heartbeat complete (#82)
2026/05/06 03:34:12 Convoy: close detected: hq-wisp-wisp-ld2d4 (from hq)
2026/05/06 03:34:32 Convoy: close detected: hq-wisp-wisp-0hh7v (from hq)
2026/05/06 03:34:32 Convoy: close detected: hq-wisp-wisp-9kir4 (from hq)
2026/05/06 03:34:57 dog_molecule: discover steps: parse children JSON for hq-wisp-wisp-d14w1 failed: unrecognized JSON shape: {
  "hq-wisp-wisp-d14w1": [],
  "schema_version": 1
}
2026/05/06 03:34:57 dog_molecule: poured mol-dog-jsonl → hq-wisp-wisp-d14w1 (0 steps)
2026/05/06 03:34:57 jsonl_git_backup: git repo /home/stevef/.dolt-archive/git does not exist, skipping
2026/05/06 03:34:57 dog_molecule: closeRemainingSteps: parse children JSON for hq-wisp-wisp-d14w1 failed: unrecognized JSON shape: {
  "hq-wisp-wisp-d14w1": [],
  "schema_version": 1
}
2026/05/06 03:34:57 doctor_dog: pouring molecule for agent execution
2026/05/06 03:34:57 dog_molecule: discover steps: parse children JSON for hq-wisp-wisp-wpp7m failed: unrecognized JSON shape: {
  "hq-wisp-wisp-wpp7m": [],
  "schema_version": 1
}
2026/05/06 03:34:57 dog_molecule: poured mol-dog-doctor → hq-wisp-wisp-wpp7m (0 steps)
2026/05/06 03:34:57 doctor_dog: poured mol-dog-doctor → hq-wisp-wisp-wpp7m
2026/05/06 03:34:57 dog_molecule: closeRemainingSteps: parse children JSON for hq-wisp-wisp-wpp7m failed: unrecognized JSON shape: {
  "hq-wisp-wisp-wpp7m": [],
  "schema_version": 1
}
2026/05/06 03:35:02 Convoy: close detected: hq-wisp-wisp-d14w1 (from hq)
2026/05/06 03:35:02 Convoy: close detected: hq-wisp-wisp-wpp7m (from hq)
2026/05/06 03:35:12 Convoy: close detected: hq-wisp-wisp-owrkg (from hq)
2026/05/06 03:36:00 Heartbeat starting (recovery-focused)
2026/05/06 03:36:00 Spawning Boot for triage...
2026/05/06 03:36:04 Boot spawned successfully
2026/05/06 03:36:05 Handler: no dispatchable idle dogs available, deferring remaining plugins
2026/05/06 03:36:07 Scheduler dispatch: 
⚠️  WARNING: Town root is on branch 'pr/qa-features' (should be 'main')
   This can cause gt commands to fail. Run: gt doctor --fix

2026/05/06 03:36:07 Heartbeat complete (#83)
2026/05/06 03:36:17 Convoy: close detected: hq-wisp-wisp-yxrov (from hq)
2026/05/06 03:36:17 Convoy: close detected: hq-wisp-wisp-mkkwe (from hq)
2026/05/06 03:36:27 Convoy: close detected: hq-wisp-wisp-3txh5 (from hq)
2026/05/06 03:36:32 Convoy: close detected: hq-wisp-wisp-ids08 (from hq)
2026/05/06 03:36:32 Convoy: close detected: hq-wisp-wisp-ids08 (from hq)
2026/05/06 03:36:32 Convoy: close detected: hq-wisp-wisp-ids08 (from hq)
2026/05/06 03:36:37 Convoy: close detected: hq-wisp-wisp-6c0jd (from hq)
2026/05/06 03:36:47 Convoy: close detected: hq-wisp-wisp-n58rz (from hq)
2026/05/06 03:36:47 Convoy: close detected: hq-wisp-wisp-8qta6 (from hq)
2026/05/06 03:36:47 Convoy: close detected: hq-wisp-wisp-3nz8j (from hq)
2026/05/06 03:36:57 Convoy: close detected: hq-wisp-wisp-hdard (from hq)
2026/05/06 03:36:57 Convoy: close detected: hq-wisp-wisp-ret8e (from hq)
2026/05/06 03:37:02 Convoy: close detected: hq-wisp-wisp-5sbun (from hq)
2026/05/06 03:37:12 Convoy: close detected: hq-wisp-wisp-sx15 (from hq)
2026/05/06 03:37:12 Convoy: close detected: hq-wisp-wisp-6f6x (from hq)
2026/05/06 03:37:17 Convoy: close detected: hq-wisp-ns85 (from hq)
2026/05/06 03:39:07 Heartbeat starting (recovery-focused)
2026/05/06 03:39:07 Spawning Boot for triage...
2026/05/06 03:39:12 Convoy: close detected: hq-wisp-wisp-v62bh (from hq)
2026/05/06 03:39:12 Boot spawned successfully
2026/05/06 03:39:15 Scheduler dispatch: 
⚠️  WARNING: Town root is on branch 'pr/qa-features' (should be 'main')
   This can cause gt commands to fail. Run: gt doctor --fix

2026/05/06 03:39:15 Heartbeat complete (#84)
2026/05/06 03:39:57 doctor_dog: pouring molecule for agent execution
2026/05/06 03:39:57 dog_molecule: discover steps: parse children JSON for hq-wisp-wisp-qlv1z failed: unrecognized JSON shape: {
  "hq-wisp-wisp-qlv1z": [],
  "schema_version": 1
}
2026/05/06 03:39:57 dog_molecule: poured mol-dog-doctor → hq-wisp-wisp-qlv1z (0 steps)
2026/05/06 03:39:57 doctor_dog: poured mol-dog-doctor → hq-wisp-wisp-qlv1z
2026/05/06 03:39:57 dog_molecule: closeRemainingSteps: parse children JSON for hq-wisp-wisp-qlv1z failed: unrecognized JSON shape: {
  "hq-wisp-wisp-qlv1z": [],
  "schema_version": 1
}
2026/05/06 03:39:57 checkpoint_dog: starting cycle
2026/05/06 03:39:57 dog_molecule: discover steps: parse children JSON for hq-wisp-wisp-yxx9f failed: unrecognized JSON shape: {
  "hq-wisp-wisp-yxx9f": [],
  "schema_version": 1
}
2026/05/06 03:39:57 dog_molecule: poured mol-dog-checkpoint → hq-wisp-wisp-yxx9f (0 steps)
2026/05/06 03:39:57 dog_molecule: closeStep "scan": unknown step (known: [])
2026/05/06 03:39:57 dog_molecule: closeStep "checkpoint": unknown step (known: [])
2026/05/06 03:39:57 checkpoint_dog: cycle complete — scanned 0 worktrees, checkpointed 0
2026/05/06 03:39:57 dog_molecule: closeStep "report": unknown step (known: [])
2026/05/06 03:39:57 dog_molecule: closeRemainingSteps: parse children JSON for hq-wisp-wisp-yxx9f failed: unrecognized JSON shape: {
  "hq-wisp-wisp-yxx9f": [],
  "schema_version": 1
}
2026/05/06 03:40:02 Convoy: close detected: hq-wisp-wisp-yxx9f (from hq)
2026/05/06 03:40:02 Convoy: close detected: hq-wisp-wisp-qlv1z (from hq)
2026/05/06 03:42:15 Heartbeat starting (recovery-focused)
2026/05/06 03:42:15 Spawning Boot for triage...
2026/05/06 03:42:19 Boot spawned successfully
2026/05/06 03:42:20 Handler: no dispatchable idle dogs available, deferring remaining plugins
2026/05/06 03:42:22 Scheduler dispatch: 
⚠️  WARNING: Town root is on branch 'pr/qa-features' (should be 'main')
   This can cause gt commands to fail. Run: gt doctor --fix

2026/05/06 03:42:22 Heartbeat complete (#85)
2026/05/06 03:42:32 Convoy: close detected: hq-wisp-wisp-8olbq (from hq)
2026/05/06 03:42:32 Convoy: close detected: hq-wisp-wisp-1myr8 (from hq)
2026/05/06 03:42:32 Convoy: close detected: hq-wisp-wisp-x2ts (from hq)
2026/05/06 03:42:37 Convoy: close detected: hq-wisp-wisp-tzwm (from hq)
2026/05/06 03:42:37 Convoy: close detected: hq-wisp-wisp-qomcy (from hq)
2026/05/06 03:43:17 Convoy: close detected: hq-wisp-tnlk (from hq)
2026/05/06 03:44:12 Convoy: close detected: hq-wisp-wisp-g9spr (from hq)
2026/05/06 03:44:57 doctor_dog: pouring molecule for agent execution
2026/05/06 03:44:57 dog_molecule: discover steps: parse children JSON for hq-wisp-wisp-xkmfe failed: unrecognized JSON shape: {
  "hq-wisp-wisp-xkmfe": [],
  "schema_version": 1
}
2026/05/06 03:44:57 dog_molecule: poured mol-dog-doctor → hq-wisp-wisp-xkmfe (0 steps)
2026/05/06 03:44:57 doctor_dog: poured mol-dog-doctor → hq-wisp-wisp-xkmfe
2026/05/06 03:44:57 dog_molecule: closeRemainingSteps: parse children JSON for hq-wisp-wisp-xkmfe failed: unrecognized JSON shape: {
  "hq-wisp-wisp-xkmfe": [],
  "schema_version": 1
}
2026/05/06 03:45:02 Convoy: close detected: hq-wisp-wisp-xkmfe (from hq)
2026/05/06 03:45:22 Heartbeat starting (recovery-focused)
2026/05/06 03:45:22 Spawning Boot for triage...
2026/05/06 03:45:26 Boot spawned successfully
2026/05/06 03:45:27 Handler: no dispatchable idle dogs available, deferring remaining plugins
2026/05/06 03:45:29 Scheduler dispatch: 
⚠️  WARNING: Town root is on branch 'pr/qa-features' (should be 'main')
   This can cause gt commands to fail. Run: gt doctor --fix

2026/05/06 03:45:29 Heartbeat complete (#86)
2026/05/06 03:45:42 Convoy: close detected: hq-wisp-wisp-jhzd (from hq)
2026/05/06 03:46:17 Convoy: close detected: hq-wisp-zv3n (from hq)
2026/05/06 03:46:17 Convoy: close detected: hq-wisp-decp (from hq)
2026/05/06 03:46:17 Convoy: close detected: hq-wisp-0ju7 (from hq)
2026/05/06 03:48:29 Heartbeat starting (recovery-focused)
2026/05/06 03:48:29 Spawning Boot for triage...
2026/05/06 03:48:34 Boot spawned successfully
2026/05/06 03:48:34 Handler: no dispatchable idle dogs available, deferring remaining plugins
2026/05/06 03:48:36 Scheduler dispatch: 
⚠️  WARNING: Town root is on branch 'pr/qa-features' (should be 'main')
   This can cause gt commands to fail. Run: gt doctor --fix

2026/05/06 03:48:36 Heartbeat complete (#87)
2026/05/06 03:48:47 Convoy: close detected: hq-wisp-wisp-zrbk (from hq)
2026/05/06 03:48:52 Convoy: close detected: hq-wisp-v2nq (from hq)
2026/05/06 03:49:12 Convoy: close detected: hq-wisp-wisp-2zpkc (from hq)
2026/05/06 03:49:12 Convoy: close detected: hq-wisp-wisp-hdz9m (from hq)
2026/05/06 03:49:57 checkpoint_dog: starting cycle
2026/05/06 03:49:57 dog_molecule: discover steps: parse children JSON for hq-wisp-wisp-9u90l failed: unrecognized JSON shape: {
  "hq-wisp-wisp-9u90l": [],
  "schema_version": 1
}
2026/05/06 03:49:57 dog_molecule: poured mol-dog-checkpoint → hq-wisp-wisp-9u90l (0 steps)
2026/05/06 03:49:57 dog_molecule: closeStep "scan": unknown step (known: [])
2026/05/06 03:49:57 dog_molecule: closeStep "checkpoint": unknown step (known: [])
2026/05/06 03:49:57 checkpoint_dog: cycle complete — scanned 0 worktrees, checkpointed 0
2026/05/06 03:49:57 dog_molecule: closeStep "report": unknown step (known: [])
2026/05/06 03:49:57 dog_molecule: closeRemainingSteps: parse children JSON for hq-wisp-wisp-9u90l failed: unrecognized JSON shape: {
  "hq-wisp-wisp-9u90l": [],
  "schema_version": 1
}
2026/05/06 03:49:57 dog_molecule: discover steps: parse children JSON for hq-wisp-wisp-m8wph failed: unrecognized JSON shape: {
  "hq-wisp-wisp-m8wph": [],
  "schema_version": 1
}
2026/05/06 03:49:57 dog_molecule: poured mol-dog-reaper → hq-wisp-wisp-m8wph (0 steps)
2026/05/06 03:49:57 wisp_reaper: Dog dispatch failed (gt sling: exit status 1), running inline fallback
2026/05/06 03:49:57 wisp_reaper: scanning 5 databases (inline fallback)
2026/05/06 03:49:57 dog_molecule: closeStep "scan": unknown step (known: [])
2026/05/06 03:49:57 dog_molecule: closeStep "reap": unknown step (known: [])
2026/05/06 03:49:57 dog_molecule: closeStep "purge": unknown step (known: [])
2026/05/06 03:49:57 dog_molecule: closeStep "auto-close": unknown step (known: [])
2026/05/06 03:49:57 wisp_reaper: cycle complete — reaped=0 purged=0 mail_purged=0 plugin_closed=0 dispatch_closed=0 auto_closed=0 open=25 databases=5 dryRun=false
2026/05/06 03:49:57 dog_molecule: closeStep "report": unknown step (known: [])
2026/05/06 03:49:57 dog_molecule: closeRemainingSteps: parse children JSON for hq-wisp-wisp-m8wph failed: unrecognized JSON shape: {
  "hq-wisp-wisp-m8wph": [],
  "schema_version": 1
}
2026/05/06 03:49:57 main_branch_test: starting patrol cycle
2026/05/06 03:49:57 main_branch_test: no rigs found
2026/05/06 03:49:57 dog_molecule: discover steps: parse children JSON for hq-wisp-wisp-2u3xf failed: unrecognized JSON shape: {
  "hq-wisp-wisp-2u3xf": [],
  "schema_version": 1
}
2026/05/06 03:49:57 dog_molecule: poured mol-dog-jsonl → hq-wisp-wisp-2u3xf (0 steps)
2026/05/06 03:49:57 jsonl_git_backup: git repo /home/stevef/.dolt-archive/git does not exist, skipping
2026/05/06 03:49:57 dog_molecule: closeRemainingSteps: parse children JSON for hq-wisp-wisp-2u3xf failed: unrecognized JSON shape: {
  "hq-wisp-wisp-2u3xf": [],
  "schema_version": 1
}
2026/05/06 03:49:58 doctor_dog: pouring molecule for agent execution
2026/05/06 03:49:58 dog_molecule: discover steps: parse children JSON for hq-wisp-wisp-c7k9d failed: unrecognized JSON shape: {
  "hq-wisp-wisp-c7k9d": [],
  "schema_version": 1
}
2026/05/06 03:49:58 dog_molecule: poured mol-dog-doctor → hq-wisp-wisp-c7k9d (0 steps)
2026/05/06 03:49:58 doctor_dog: poured mol-dog-doctor → hq-wisp-wisp-c7k9d
2026/05/06 03:49:58 dog_molecule: closeRemainingSteps: parse children JSON for hq-wisp-wisp-c7k9d failed: unrecognized JSON shape: {
  "hq-wisp-wisp-c7k9d": [],
  "schema_version": 1
}
2026/05/06 03:50:02 Convoy: close detected: hq-wisp-wisp-9u90l (from hq)
2026/05/06 03:50:02 Convoy: close detected: hq-wisp-wisp-m8wph (from hq)
2026/05/06 03:50:02 Convoy: close detected: hq-wisp-wisp-2u3xf (from hq)
2026/05/06 03:50:02 Convoy: close detected: hq-wisp-wisp-c7k9d (from hq)
2026/05/06 03:51:36 Heartbeat starting (recovery-focused)
2026/05/06 03:51:36 Spawning Boot for triage...
2026/05/06 03:51:41 Boot spawned successfully
2026/05/06 03:51:44 Scheduler dispatch: 
⚠️  WARNING: Town root is on branch 'pr/qa-features' (should be 'main')
   This can cause gt commands to fail. Run: gt doctor --fix

2026/05/06 03:51:44 Heartbeat complete (#88)
2026/05/06 03:51:57 Convoy: close detected: hq-wisp-wisp-naqry (from hq)
2026/05/06 03:52:17 Convoy: close detected: hq-wisp-wisp-cddqq (from hq)
2026/05/06 03:52:17 Convoy: close detected: hq-wisp-wisp-w8wxb (from hq)
2026/05/06 03:53:17 Convoy: close detected: hq-wisp-wisp-m1wfr (from hq)
2026/05/06 03:53:22 Convoy: close detected: hq-wisp-wisp-l9ej7 (from hq)
2026/05/06 03:53:32 Convoy: close detected: hq-wisp-wisp-9a230 (from hq)
2026/05/06 03:53:57 Convoy: close detected: hq-wisp-wisp-k1wcy (from hq)
2026/05/06 03:53:57 Convoy: close detected: hq-wisp-wisp-4qlij (from hq)
2026/05/06 03:54:02 Convoy: close detected: hq-wisp-wisp-8z59l (from hq)
2026/05/06 03:54:07 Convoy: close detected: hq-wisp-wisp-84upz (from hq)
2026/05/06 03:54:07 Convoy: close detected: hq-wisp-wisp-xe7db (from hq)
2026/05/06 03:54:12 Convoy: close detected: hq-wisp-wisp-6yfey (from hq)
2026/05/06 03:54:12 Convoy: close detected: hq-wisp-wisp-u2lt3 (from hq)
2026/05/06 03:54:17 Convoy: close detected: hq-wisp-wisp-kkodo (from hq)
2026/05/06 03:54:22 Convoy: close detected: hq-wisp-wisp-5fr01 (from hq)
2026/05/06 03:54:32 Convoy: close detected: hq-wisp-wisp-5aapz (from hq)
2026/05/06 03:54:32 Convoy: close detected: hq-wisp-wisp-mmscu (from hq)
2026/05/06 03:54:42 Convoy: close detected: hq-wisp-wisp-9yhrq (from hq)
2026/05/06 03:54:42 Convoy: close detected: hq-wisp-wisp-qm3m2 (from hq)
2026/05/06 03:54:42 Convoy: close detected: hq-wisp-wisp-o2haa (from hq)
2026/05/06 03:54:44 Heartbeat starting (recovery-focused)
2026/05/06 03:54:44 Spawning Boot for triage...
2026/05/06 03:54:47 Convoy: close detected: hq-wisp-wisp-13u5y (from hq)
2026/05/06 03:54:48 Boot spawned successfully
2026/05/06 03:54:49 Handler: no dispatchable idle dogs available, deferring remaining plugins
2026/05/06 03:54:51 Scheduler dispatch: 
⚠️  WARNING: Town root is on branch 'pr/qa-features' (should be 'main')
   This can cause gt commands to fail. Run: gt doctor --fix

2026/05/06 03:54:51 Heartbeat complete (#89)
2026/05/06 03:54:57 doctor_dog: pouring molecule for agent execution
2026/05/06 03:54:57 Convoy: close detected: hq-wisp-wisp-cj0v (from hq)
2026/05/06 03:54:57 dog_molecule: discover steps: parse children JSON for hq-wisp-wisp-y43j3 failed: unrecognized JSON shape: {
  "hq-wisp-wisp-y43j3": [],
  "schema_version": 1
}
2026/05/06 03:54:57 dog_molecule: poured mol-dog-doctor → hq-wisp-wisp-y43j3 (0 steps)
2026/05/06 03:54:57 doctor_dog: poured mol-dog-doctor → hq-wisp-wisp-y43j3
2026/05/06 03:54:57 dog_molecule: closeRemainingSteps: parse children JSON for hq-wisp-wisp-y43j3 failed: unrecognized JSON shape: {
  "hq-wisp-wisp-y43j3": [],
  "schema_version": 1
}
2026/05/06 03:55:02 Convoy: close detected: hq-wisp-wisp-y43j3 (from hq)
2026/05/06 03:57:42 Convoy: close detected: hq-wisp-7sny (from hq)
2026/05/06 03:57:51 Heartbeat starting (recovery-focused)
2026/05/06 03:57:51 Spawning Boot for triage...
2026/05/06 03:57:56 Boot spawned successfully
2026/05/06 03:58:01 Scheduler dispatch: 
⚠️  WARNING: Town root is on branch 'pr/qa-features' (should be 'main')
   This can cause gt commands to fail. Run: gt doctor --fix

2026/05/06 03:58:01 Heartbeat complete (#90)
2026/05/06 03:58:22 Convoy: close detected: hq-wisp-wisp-t83rp (from hq)
2026/05/06 03:58:27 Convoy: close detected: hq-wisp-wisp-d39na (from hq)
2026/05/06 03:58:27 Convoy: close detected: hq-wisp-wisp-xtf23 (from hq)
2026/05/06 03:58:42 Convoy: close detected: hq-wisp-wisp-861qo (from hq)
2026/05/06 03:58:52 Convoy: close detected: hq-wisp-wisp-fjg84 (from hq)
2026/05/06 03:58:52 Convoy: close detected: hq-wisp-wisp-cnj72 (from hq)
2026/05/06 03:58:52 Convoy: close detected: hq-wisp-wisp-cut7p (from hq)
2026/05/06 03:59:02 Convoy: close detected: hq-wisp-wisp-vklu6 (from hq)
2026/05/06 03:59:02 Convoy: close detected: hq-wisp-wisp-rjv1k (from hq)
2026/05/06 03:59:02 Convoy: close detected: hq-wisp-wisp-lgoof (from hq)
2026/05/06 03:59:12 Convoy: close detected: hq-wisp-wisp-vl9lo (from hq)
2026/05/06 03:59:12 Convoy: close detected: hq-wisp-wisp-mdyvt (from hq)
2026/05/06 03:59:12 Convoy: close detected: hq-wisp-wisp-hppen (from hq)
2026/05/06 03:59:12 Convoy: close detected: hq-wisp-wisp-3ka9a (from hq)
2026/05/06 03:59:17 Convoy: close detected: hq-wisp-wisp-hv7t1 (from hq)
2026/05/06 03:59:22 Convoy: close detected: hq-wisp-wisp-3vsj8 (from hq)
2026/05/06 03:59:32 Convoy: close detected: hq-wisp-wisp-3nw9m (from hq)
2026/05/06 03:59:32 Convoy: close detected: hq-wisp-wisp-pw6do (from hq)
2026/05/06 03:59:42 Convoy: close detected: hq-wisp-wisp-unagm (from hq)
2026/05/06 03:59:47 Convoy: close detected: hq-wisp-wisp-2rnz7 (from hq)
2026/05/06 03:59:57 doctor_dog: pouring molecule for agent execution
2026/05/06 03:59:57 Convoy: close detected: hq-wisp-wisp-s1gpp (from hq)
2026/05/06 03:59:57 dog_molecule: discover steps: parse children JSON for hq-wisp-wisp-jps26 failed: unrecognized JSON shape: {
  "hq-wisp-wisp-jps26": [],
  "schema_version": 1
}
2026/05/06 03:59:57 dog_molecule: poured mol-dog-doctor → hq-wisp-wisp-jps26 (0 steps)
2026/05/06 03:59:57 doctor_dog: poured mol-dog-doctor → hq-wisp-wisp-jps26
2026/05/06 03:59:57 dog_molecule: closeRemainingSteps: parse children JSON for hq-wisp-wisp-jps26 failed: unrecognized JSON shape: {
  "hq-wisp-wisp-jps26": [],
  "schema_version": 1
}
2026/05/06 03:59:57 checkpoint_dog: starting cycle
2026/05/06 03:59:57 dog_molecule: discover steps: parse children JSON for hq-wisp-wisp-aj5r7 failed: unrecognized JSON shape: {
  "hq-wisp-wisp-aj5r7": [],
  "schema_version": 1
}
2026/05/06 03:59:57 dog_molecule: poured mol-dog-checkpoint → hq-wisp-wisp-aj5r7 (0 steps)
2026/05/06 03:59:57 dog_molecule: closeStep "scan": unknown step (known: [])
2026/05/06 03:59:57 dog_molecule: closeStep "checkpoint": unknown step (known: [])
2026/05/06 03:59:57 checkpoint_dog: cycle complete — scanned 0 worktrees, checkpointed 0
2026/05/06 03:59:57 dog_molecule: closeStep "report": unknown step (known: [])
2026/05/06 03:59:57 dog_molecule: closeRemainingSteps: parse children JSON for hq-wisp-wisp-aj5r7 failed: unrecognized JSON shape: {
  "hq-wisp-wisp-aj5r7": [],
  "schema_version": 1
}
2026/05/06 04:00:02 Convoy: close detected: hq-wisp-wisp-jps26 (from hq)
2026/05/06 04:00:02 Convoy: close detected: hq-wisp-wisp-aj5r7 (from hq)
2026/05/06 04:00:02 Convoy: close detected: hq-wisp-wisp-loan4 (from hq)
2026/05/06 04:00:12 Convoy: close detected: hq-wisp-wisp-h1o11 (from hq)
2026/05/06 04:00:17 Convoy: close detected: hq-wisp-wisp-29n4t (from hq)
2026/05/06 04:00:32 Convoy: close detected: hq-wisp-wisp-siuod (from hq)
2026/05/06 04:00:42 Convoy: close detected: hq-wisp-wisp-r3159 (from hq)
2026/05/06 04:00:57 Convoy: close detected: hq-wisp-wisp-mr7iw (from hq)
2026/05/06 04:01:01 Heartbeat starting (recovery-focused)
2026/05/06 04:01:01 Spawning Boot for triage...
2026/05/06 04:01:05 Boot spawned successfully
2026/05/06 04:01:07 Convoy: close detected: hq-wisp-wisp-v3t3 (from hq)
2026/05/06 04:01:07 Convoy: close detected: hq-wisp-wisp-qrlc (from hq)
2026/05/06 04:01:11 Scheduler dispatch: 
⚠️  WARNING: Town root is on branch 'pr/qa-features' (should be 'main')
   This can cause gt commands to fail. Run: gt doctor --fix

2026/05/06 04:01:11 Heartbeat complete (#91)
2026/05/06 04:03:07 Convoy: close detected: hq-wisp-75c0 (from hq)
2026/05/06 04:04:11 Heartbeat starting (recovery-focused)
2026/05/06 04:04:11 Spawning Boot for triage...
2026/05/06 04:04:12 Convoy: close detected: hq-wisp-wisp-cf1ay (from hq)
2026/05/06 04:04:15 Boot spawned successfully
2026/05/06 04:04:19 Scheduler dispatch: 
⚠️  WARNING: Town root is on branch 'pr/qa-features' (should be 'main')
   This can cause gt commands to fail. Run: gt doctor --fix

2026/05/06 04:04:19 Heartbeat complete (#92)
2026/05/06 04:04:57 doctor_dog: pouring molecule for agent execution
2026/05/06 04:04:57 dog_molecule: discover steps: parse children JSON for hq-wisp-wisp-lok2n failed: unrecognized JSON shape: {
  "hq-wisp-wisp-lok2n": [],
  "schema_version": 1
}
2026/05/06 04:04:57 dog_molecule: poured mol-dog-doctor → hq-wisp-wisp-lok2n (0 steps)
2026/05/06 04:04:57 doctor_dog: poured mol-dog-doctor → hq-wisp-wisp-lok2n
2026/05/06 04:04:57 dog_molecule: closeRemainingSteps: parse children JSON for hq-wisp-wisp-lok2n failed: unrecognized JSON shape: {
  "hq-wisp-wisp-lok2n": [],
  "schema_version": 1
}
2026/05/06 04:04:57 dog_molecule: discover steps: parse children JSON for hq-wisp-wisp-fu5tp failed: unrecognized JSON shape: {
  "hq-wisp-wisp-fu5tp": [],
  "schema_version": 1
}
2026/05/06 04:04:57 dog_molecule: poured mol-dog-jsonl → hq-wisp-wisp-fu5tp (0 steps)
2026/05/06 04:04:57 jsonl_git_backup: git repo /home/stevef/.dolt-archive/git does not exist, skipping
2026/05/06 04:04:57 dog_molecule: closeRemainingSteps: parse children JSON for hq-wisp-wisp-fu5tp failed: unrecognized JSON shape: {
  "hq-wisp-wisp-fu5tp": [],
  "schema_version": 1
}
2026/05/06 04:05:02 Convoy: close detected: hq-wisp-wisp-lok2n (from hq)
2026/05/06 04:05:02 Convoy: close detected: hq-wisp-wisp-fu5tp (from hq)
2026/05/06 04:05:02 Convoy: close detected: hq-wisp-wisp-rk78t (from hq)
2026/05/06 04:05:02 Convoy: close detected: hq-wisp-wisp-2015h (from hq)
2026/05/06 04:05:07 Convoy: close detected: hq-wisp-wisp-0w16x (from hq)
2026/05/06 04:05:22 Convoy: close detected: hq-wisp-wisp-8lp1c (from hq)
2026/05/06 04:05:32 Convoy: close detected: hq-wisp-wisp-1fhrl (from hq)
2026/05/06 04:06:02 Convoy: close detected: hq-wisp-wisp-zcn88 (from hq)
2026/05/06 04:06:07 Convoy: close detected: hq-wisp-wisp-m782g (from hq)
2026/05/06 04:06:17 Convoy: close detected: hq-wisp-wisp-shiy4 (from hq)
2026/05/06 04:06:27 Convoy: close detected: hq-wisp-wisp-es6zp (from hq)
2026/05/06 04:06:32 Convoy: close detected: hq-wisp-wisp-bitaq (from hq)
2026/05/06 04:06:42 Convoy: close detected: hq-wisp-wisp-zlb5c (from hq)
2026/05/06 04:06:57 Convoy: close detected: hq-wisp-wisp-8o74q (from hq)
2026/05/06 04:07:12 Convoy: close detected: hq-wisp-wisp-8slt (from hq)
2026/05/06 04:07:17 Convoy: close detected: hq-wisp-wisp-b59g (from hq)
2026/05/06 04:07:19 Heartbeat starting (recovery-focused)
2026/05/06 04:07:19 Spawning Boot for triage...
2026/05/06 04:07:23 Boot spawned successfully
2026/05/06 04:07:28 Scheduler dispatch: 
⚠️  WARNING: Town root is on branch 'pr/qa-features' (should be 'main')
   This can cause gt commands to fail. Run: gt doctor --fix

2026/05/06 04:07:28 Heartbeat complete (#93)
2026/05/06 04:08:02 Convoy: close detected: hq-wisp-wisp-2ben1 (from hq)
2026/05/06 04:08:07 Convoy: close detected: hq-wisp-d2hl (from hq)
2026/05/06 04:09:12 Convoy: close detected: hq-wisp-wisp-n2nwl (from hq)
2026/05/06 04:09:57 doctor_dog: pouring molecule for agent execution
2026/05/06 04:09:57 dog_molecule: discover steps: parse children JSON for hq-wisp-wisp-ab6lc failed: unrecognized JSON shape: {
  "hq-wisp-wisp-ab6lc": [],
  "schema_version": 1
}
2026/05/06 04:09:57 dog_molecule: poured mol-dog-doctor → hq-wisp-wisp-ab6lc (0 steps)
2026/05/06 04:09:57 doctor_dog: poured mol-dog-doctor → hq-wisp-wisp-ab6lc
2026/05/06 04:09:57 dog_molecule: closeRemainingSteps: parse children JSON for hq-wisp-wisp-ab6lc failed: unrecognized JSON shape: {
  "hq-wisp-wisp-ab6lc": [],
  "schema_version": 1
}
2026/05/06 04:09:57 checkpoint_dog: starting cycle
2026/05/06 04:09:57 dog_molecule: discover steps: parse children JSON for hq-wisp-wisp-wkjhq failed: unrecognized JSON shape: {
  "hq-wisp-wisp-wkjhq": [],
  "schema_version": 1
}
2026/05/06 04:09:57 dog_molecule: poured mol-dog-checkpoint → hq-wisp-wisp-wkjhq (0 steps)
2026/05/06 04:09:57 dog_molecule: closeStep "scan": unknown step (known: [])
2026/05/06 04:09:57 dog_molecule: closeStep "checkpoint": unknown step (known: [])
2026/05/06 04:09:57 checkpoint_dog: cycle complete — scanned 0 worktrees, checkpointed 0
2026/05/06 04:09:57 dog_molecule: closeStep "report": unknown step (known: [])
2026/05/06 04:09:57 dog_molecule: closeRemainingSteps: parse children JSON for hq-wisp-wisp-wkjhq failed: unrecognized JSON shape: {
  "hq-wisp-wisp-wkjhq": [],
  "schema_version": 1
}
2026/05/06 04:10:02 Convoy: close detected: hq-wisp-wisp-wkjhq (from hq)
2026/05/06 04:10:02 Convoy: close detected: hq-wisp-wisp-ab6lc (from hq)
2026/05/06 04:10:28 Heartbeat starting (recovery-focused)
2026/05/06 04:10:28 Spawning Boot for triage...
2026/05/06 04:10:33 Boot spawned successfully
2026/05/06 04:10:36 Scheduler dispatch: 
⚠️  WARNING: Town root is on branch 'pr/qa-features' (should be 'main')
   This can cause gt commands to fail. Run: gt doctor --fix

2026/05/06 04:10:36 Heartbeat complete (#94)
2026/05/06 04:12:32 Convoy: close detected: hq-wisp-wisp-ev0yd (from hq)
2026/05/06 04:12:32 Convoy: close detected: hq-wisp-wisp-01dle (from hq)
2026/05/06 04:12:32 Convoy: close detected: hq-wisp-wisp-ofa9y (from hq)
2026/05/06 04:12:37 Convoy: close detected: hq-wisp-wisp-c29a (from hq)
2026/05/06 04:12:42 Convoy: close detected: hq-wisp-kdjh (from hq)
2026/05/06 04:12:42 Convoy: close detected: hq-wisp-ueq5 (from hq)
2026/05/06 04:12:42 Convoy: close detected: hq-wisp-9p3i (from hq)
2026/05/06 04:13:36 Heartbeat starting (recovery-focused)
2026/05/06 04:13:36 Spawning Boot for triage...
2026/05/06 04:13:40 Boot spawned successfully
2026/05/06 04:13:44 Scheduler dispatch: 
⚠️  WARNING: Town root is on branch 'pr/qa-features' (should be 'main')
   This can cause gt commands to fail. Run: gt doctor --fix

2026/05/06 04:13:44 Heartbeat complete (#95)
2026/05/06 04:14:12 Convoy: close detected: hq-wisp-wisp-x747x (from hq)
2026/05/06 04:14:57 doctor_dog: pouring molecule for agent execution
2026/05/06 04:14:57 dog_molecule: discover steps: parse children JSON for hq-wisp-wisp-fsnq5 failed: unrecognized JSON shape: {
  "hq-wisp-wisp-fsnq5": [],
  "schema_version": 1
}
2026/05/06 04:14:57 dog_molecule: poured mol-dog-doctor → hq-wisp-wisp-fsnq5 (0 steps)
2026/05/06 04:14:57 doctor_dog: poured mol-dog-doctor → hq-wisp-wisp-fsnq5
2026/05/06 04:14:57 dog_molecule: closeRemainingSteps: parse children JSON for hq-wisp-wisp-fsnq5 failed: unrecognized JSON shape: {
  "hq-wisp-wisp-fsnq5": [],
  "schema_version": 1
}
2026/05/06 04:15:02 Convoy: close detected: hq-wisp-wisp-fsnq5 (from hq)
2026/05/06 04:15:47 Convoy: close detected: hq-wisp-wisp-6jnba (from hq)
2026/05/06 04:16:07 Convoy: close detected: hq-wisp-wisp-x0rjd (from hq)
2026/05/06 04:16:27 Convoy: close detected: hq-wisp-wisp-78k0l (from hq)
2026/05/06 04:16:44 Heartbeat starting (recovery-focused)
2026/05/06 04:16:44 Spawning Boot for triage...
2026/05/06 04:16:47 Convoy: close detected: hq-wisp-wisp-6imm5 (from hq)
2026/05/06 04:16:47 Convoy: close detected: hq-wisp-wisp-a0zcl (from hq)
2026/05/06 04:16:48 Boot spawned successfully
2026/05/06 04:16:51 Handler: no dispatchable idle dogs available, deferring remaining plugins
2026/05/06 04:16:54 Scheduler dispatch: 
⚠️  WARNING: Town root is on branch 'pr/qa-features' (should be 'main')
   This can cause gt commands to fail. Run: gt doctor --fix

2026/05/06 04:16:54 Heartbeat complete (#96)
2026/05/06 04:16:57 Convoy: close detected: hq-wisp-wisp-90i79 (from hq)
2026/05/06 04:17:02 Convoy: close detected: hq-wisp-wisp-0rgml (from hq)
2026/05/06 04:17:12 Convoy: close detected: hq-wisp-wisp-slcjs (from hq)
2026/05/06 04:17:17 Convoy: close detected: hq-wisp-wisp-ugdj6 (from hq)
2026/05/06 04:17:47 Convoy: close detected: hq-wisp-wisp-x77gg (from hq)
2026/05/06 04:18:07 Convoy: close detected: hq-wisp-wisp-e7z94 (from hq)
2026/05/06 04:18:07 Convoy: close detected: hq-wisp-wisp-9mzyi (from hq)
2026/05/06 04:18:07 Convoy: close detected: hq-wisp-wisp-h6li0 (from hq)
2026/05/06 04:18:17 Convoy: close detected: hq-wisp-wisp-hi3i2 (from hq)
2026/05/06 04:18:17 Convoy: close detected: hq-wisp-wisp-dktxq (from hq)
2026/05/06 04:18:22 Convoy: close detected: hq-wisp-wisp-4rwq5 (from hq)
2026/05/06 04:18:27 Convoy: close detected: hq-wisp-wisp-w840c (from hq)
2026/05/06 04:18:27 Convoy: close detected: hq-wisp-wisp-zrhg6 (from hq)
2026/05/06 04:18:27 Convoy: close detected: hq-wisp-wisp-e7146 (from hq)
2026/05/06 04:18:47 Convoy: close detected: hq-wisp-wisp-lv9g (from hq)
2026/05/06 04:18:47 Convoy: close detected: hq-wisp-wisp-zmlf (from hq)
2026/05/06 04:19:02 Convoy: close detected: hq-wisp-4vpd (from hq)
2026/05/06 04:19:02 Convoy: close detected: hq-wisp-wisp-ydhd1 (from hq)
2026/05/06 04:19:12 Convoy: close detected: hq-wisp-wisp-st4f9 (from hq)
2026/05/06 04:19:12 Convoy: close detected: hq-wisp-wisp-97gvi (from hq)
2026/05/06 04:19:54 Heartbeat starting (recovery-focused)
2026/05/06 04:19:54 Spawning Boot for triage...
2026/05/06 04:19:58 Boot spawned successfully
2026/05/06 04:20:04 Scheduler dispatch: 
⚠️  WARNING: Town root is on branch 'pr/qa-features' (should be 'main')
   This can cause gt commands to fail. Run: gt doctor --fix

2026/05/06 04:20:04 Heartbeat complete (#97)
2026/05/06 04:20:04 doctor_dog: pouring molecule for agent execution
2026/05/06 04:20:04 dog_molecule: discover steps: parse children JSON for hq-wisp-wisp-w37mf failed: unrecognized JSON shape: {
  "hq-wisp-wisp-w37mf": [],
  "schema_version": 1
}
2026/05/06 04:20:04 dog_molecule: poured mol-dog-doctor → hq-wisp-wisp-w37mf (0 steps)
2026/05/06 04:20:04 doctor_dog: poured mol-dog-doctor → hq-wisp-wisp-w37mf
2026/05/06 04:20:04 dog_molecule: closeRemainingSteps: parse children JSON for hq-wisp-wisp-w37mf failed: unrecognized JSON shape: {
  "hq-wisp-wisp-w37mf": [],
  "schema_version": 1
}
2026/05/06 04:20:04 checkpoint_dog: starting cycle
2026/05/06 04:20:04 dog_molecule: discover steps: parse children JSON for hq-wisp-wisp-tmp5l failed: unrecognized JSON shape: {
  "hq-wisp-wisp-tmp5l": [],
  "schema_version": 1
}
2026/05/06 04:20:04 dog_molecule: poured mol-dog-checkpoint → hq-wisp-wisp-tmp5l (0 steps)
2026/05/06 04:20:04 dog_molecule: closeStep "scan": unknown step (known: [])
2026/05/06 04:20:04 dog_molecule: closeStep "checkpoint": unknown step (known: [])
2026/05/06 04:20:04 checkpoint_dog: cycle complete — scanned 0 worktrees, checkpointed 0
2026/05/06 04:20:04 dog_molecule: closeStep "report": unknown step (known: [])
2026/05/06 04:20:04 dog_molecule: closeRemainingSteps: parse children JSON for hq-wisp-wisp-tmp5l failed: unrecognized JSON shape: {
  "hq-wisp-wisp-tmp5l": [],
  "schema_version": 1
}
2026/05/06 04:20:04 main_branch_test: starting patrol cycle
2026/05/06 04:20:04 main_branch_test: no rigs found
2026/05/06 04:20:04 dog_molecule: discover steps: parse children JSON for hq-wisp-wisp-apeaz failed: unrecognized JSON shape: {
  "hq-wisp-wisp-apeaz": [],
  "schema_version": 1
}
2026/05/06 04:20:04 dog_molecule: poured mol-dog-reaper → hq-wisp-wisp-apeaz (0 steps)
2026/05/06 04:20:05 wisp_reaper: Dog dispatch failed (gt sling: exit status 1), running inline fallback
2026/05/06 04:20:05 wisp_reaper: scanning 5 databases (inline fallback)
2026/05/06 04:20:05 dog_molecule: closeStep "scan": unknown step (known: [])
2026/05/06 04:20:05 dog_molecule: closeStep "reap": unknown step (known: [])
2026/05/06 04:20:05 dog_molecule: closeStep "purge": unknown step (known: [])
2026/05/06 04:20:05 wisp_reaper: hq: closed 4 plugin dispatches
2026/05/06 04:20:05 dog_molecule: closeStep "auto-close": unknown step (known: [])
2026/05/06 04:20:05 wisp_reaper: cycle complete — reaped=0 purged=0 mail_purged=0 plugin_closed=0 dispatch_closed=4 auto_closed=0 open=25 databases=5 dryRun=false
2026/05/06 04:20:05 dog_molecule: closeStep "report": unknown step (known: [])
2026/05/06 04:20:05 dog_molecule: closeRemainingSteps: parse children JSON for hq-wisp-wisp-apeaz failed: unrecognized JSON shape: {
  "hq-wisp-wisp-apeaz": [],
  "schema_version": 1
}
2026/05/06 04:20:05 dog_molecule: discover steps: parse children JSON for hq-wisp-wisp-nhfy5 failed: unrecognized JSON shape: {
  "hq-wisp-wisp-nhfy5": [],
  "schema_version": 1
}
2026/05/06 04:20:05 dog_molecule: poured mol-dog-jsonl → hq-wisp-wisp-nhfy5 (0 steps)
2026/05/06 04:20:05 jsonl_git_backup: git repo /home/stevef/.dolt-archive/git does not exist, skipping
2026/05/06 04:20:05 dog_molecule: closeRemainingSteps: parse children JSON for hq-wisp-wisp-nhfy5 failed: unrecognized JSON shape: {
  "hq-wisp-wisp-nhfy5": [],
  "schema_version": 1
}
2026/05/06 04:20:07 Convoy: close detected: hq-wisp-wisp-w37mf (from hq)
2026/05/06 04:20:07 Convoy: close detected: hq-wisp-wisp-tmp5l (from hq)
2026/05/06 04:20:07 Convoy: close detected: hq-wisp-wisp-nhfy5 (from hq)
2026/05/06 04:20:07 Convoy: close detected: hq-wisp-wisp-apeaz (from hq)
2026/05/06 04:22:27 Convoy: close detected: hq-wisp-wisp-432p2 (from hq)
2026/05/06 04:23:04 Heartbeat starting (recovery-focused)
2026/05/06 04:23:04 Spawning Boot for triage...
2026/05/06 04:23:08 Boot spawned successfully
2026/05/06 04:23:11 Scheduler dispatch: 
⚠️  WARNING: Town root is on branch 'pr/qa-features' (should be 'main')
   This can cause gt commands to fail. Run: gt doctor --fix

2026/05/06 04:23:11 Heartbeat complete (#98)
2026/05/06 04:24:12 Convoy: close detected: hq-wisp-wisp-4xvda (from hq)
2026/05/06 04:24:12 Convoy: close detected: hq-wisp-wisp-53oex (from hq)
2026/05/06 04:24:57 doctor_dog: pouring molecule for agent execution
2026/05/06 04:24:57 Convoy: close detected: hq-wisp-wisp-6c55 (from hq)
2026/05/06 04:24:59 dog_molecule: discover steps: parse children JSON for hq-wisp-wisp-dzs8c failed: unrecognized JSON shape: {
  "hq-wisp-wisp-dzs8c": [],
  "schema_version": 1
}
2026/05/06 04:24:59 dog_molecule: poured mol-dog-doctor → hq-wisp-wisp-dzs8c (0 steps)
2026/05/06 04:24:59 doctor_dog: poured mol-dog-doctor → hq-wisp-wisp-dzs8c
2026/05/06 04:24:59 dog_molecule: closeRemainingSteps: parse children JSON for hq-wisp-wisp-dzs8c failed: unrecognized JSON shape: {
  "hq-wisp-wisp-dzs8c": [],
  "schema_version": 1
}
2026/05/06 04:25:02 Convoy: close detected: hq-wisp-wisp-dzs8c (from hq)
2026/05/06 04:25:12 Convoy: close detected: hq-wisp-amd2 (from hq)
2026/05/06 04:25:12 Convoy: close detected: hq-wisp-s3iy (from hq)
2026/05/06 04:26:11 Heartbeat starting (recovery-focused)
2026/05/06 04:26:11 Spawning Boot for triage...
2026/05/06 04:26:16 Boot spawned successfully
2026/05/06 04:26:21 Scheduler dispatch: 
⚠️  WARNING: Town root is on branch 'pr/qa-features' (should be 'main')
   This can cause gt commands to fail. Run: gt doctor --fix

2026/05/06 04:26:21 Heartbeat complete (#99)
2026/05/06 04:28:02 Convoy: close detected: hq-wisp-wisp-5g49 (from hq)
2026/05/06 04:28:12 Convoy: close detected: hq-wisp-di3n (from hq)
2026/05/06 04:29:12 Convoy: close detected: hq-wisp-wisp-gmtgi (from hq)
2026/05/06 04:29:12 Convoy: close detected: hq-wisp-wisp-fbyju (from hq)
2026/05/06 04:29:21 Heartbeat starting (recovery-focused)
2026/05/06 04:29:21 Spawning Boot for triage...
2026/05/06 04:29:26 Boot spawned successfully
2026/05/06 04:29:31 Scheduler dispatch: 
⚠️  WARNING: Town root is on branch 'pr/qa-features' (should be 'main')
   This can cause gt commands to fail. Run: gt doctor --fix

2026/05/06 04:29:31 Heartbeat complete (#100)
2026/05/06 04:29:57 doctor_dog: pouring molecule for agent execution
2026/05/06 04:29:57 dog_molecule: discover steps: parse children JSON for hq-wisp-wisp-ihv0m failed: unrecognized JSON shape: {
  "hq-wisp-wisp-ihv0m": [],
  "schema_version": 1
}
2026/05/06 04:29:57 dog_molecule: poured mol-dog-doctor → hq-wisp-wisp-ihv0m (0 steps)
2026/05/06 04:29:57 doctor_dog: poured mol-dog-doctor → hq-wisp-wisp-ihv0m
2026/05/06 04:29:57 dog_molecule: closeRemainingSteps: parse children JSON for hq-wisp-wisp-ihv0m failed: unrecognized JSON shape: {
  "hq-wisp-wisp-ihv0m": [],
  "schema_version": 1
}
2026/05/06 04:29:57 checkpoint_dog: starting cycle
2026/05/06 04:29:57 dog_molecule: discover steps: parse children JSON for hq-wisp-wisp-rpe3m failed: unrecognized JSON shape: {
  "hq-wisp-wisp-rpe3m": [],
  "schema_version": 1
}
2026/05/06 04:29:57 dog_molecule: poured mol-dog-checkpoint → hq-wisp-wisp-rpe3m (0 steps)
2026/05/06 04:29:57 dog_molecule: closeStep "scan": unknown step (known: [])
2026/05/06 04:29:57 dog_molecule: closeStep "checkpoint": unknown step (known: [])
2026/05/06 04:29:57 checkpoint_dog: cycle complete — scanned 0 worktrees, checkpointed 0
2026/05/06 04:29:57 dog_molecule: closeStep "report": unknown step (known: [])
2026/05/06 04:29:57 dog_molecule: closeRemainingSteps: parse children JSON for hq-wisp-wisp-rpe3m failed: unrecognized JSON shape: {
  "hq-wisp-wisp-rpe3m": [],
  "schema_version": 1
}
2026/05/06 04:30:02 Convoy: close detected: hq-wisp-wisp-rpe3m (from hq)
2026/05/06 04:30:02 Convoy: close detected: hq-wisp-wisp-ihv0m (from hq)
2026/05/06 04:31:07 Convoy: close detected: hq-wisp-wisp-gthl (from hq)
2026/05/06 04:31:12 Convoy: close detected: hq-wisp-g7zr (from hq)
2026/05/06 04:32:31 Heartbeat starting (recovery-focused)
2026/05/06 04:32:31 Spawning Boot for triage...
2026/05/06 04:32:36 Boot spawned successfully
2026/05/06 04:32:39 Scheduler dispatch: 
⚠️  WARNING: Town root is on branch 'pr/qa-features' (should be 'main')
   This can cause gt commands to fail. Run: gt doctor --fix

2026/05/06 04:32:39 Heartbeat complete (#101)
2026/05/06 04:34:17 Convoy: close detected: hq-wisp-wisp-ysl7 (from hq)
2026/05/06 04:34:17 Convoy: close detected: hq-wisp-wisp-pgkx9 (from hq)
2026/05/06 04:34:17 Convoy: close detected: hq-wisp-uf12 (from hq)
2026/05/06 04:34:57 dog_molecule: discover steps: parse children JSON for hq-wisp-wisp-ybqj7 failed: unrecognized JSON shape: {
  "hq-wisp-wisp-ybqj7": [],
  "schema_version": 1
}
2026/05/06 04:34:57 dog_molecule: poured mol-dog-jsonl → hq-wisp-wisp-ybqj7 (0 steps)
2026/05/06 04:34:57 jsonl_git_backup: git repo /home/stevef/.dolt-archive/git does not exist, skipping
2026/05/06 04:34:57 dog_molecule: closeRemainingSteps: parse children JSON for hq-wisp-wisp-ybqj7 failed: unrecognized JSON shape: {
  "hq-wisp-wisp-ybqj7": [],
  "schema_version": 1
}
2026/05/06 04:34:57 doctor_dog: pouring molecule for agent execution
2026/05/06 04:34:57 dog_molecule: discover steps: parse children JSON for hq-wisp-wisp-yhnq3 failed: unrecognized JSON shape: {
  "hq-wisp-wisp-yhnq3": [],
  "schema_version": 1
}
2026/05/06 04:34:57 dog_molecule: poured mol-dog-doctor → hq-wisp-wisp-yhnq3 (0 steps)
2026/05/06 04:34:57 doctor_dog: poured mol-dog-doctor → hq-wisp-wisp-yhnq3
2026/05/06 04:34:57 dog_molecule: closeRemainingSteps: parse children JSON for hq-wisp-wisp-yhnq3 failed: unrecognized JSON shape: {
  "hq-wisp-wisp-yhnq3": [],
  "schema_version": 1
}
2026/05/06 04:35:02 Convoy: close detected: hq-wisp-wisp-ybqj7 (from hq)
2026/05/06 04:35:02 Convoy: close detected: hq-wisp-wisp-yhnq3 (from hq)
2026/05/06 04:35:39 Heartbeat starting (recovery-focused)
2026/05/06 04:35:39 Spawning Boot for triage...
2026/05/06 04:35:43 Boot spawned successfully
2026/05/06 04:35:47 Scheduler dispatch: 
⚠️  WARNING: Town root is on branch 'pr/qa-features' (should be 'main')
   This can cause gt commands to fail. Run: gt doctor --fix

2026/05/06 04:35:47 Heartbeat complete (#102)
2026/05/06 04:37:22 Convoy: close detected: hq-wisp-wisp-zm5r (from hq)
2026/05/06 04:37:22 Convoy: close detected: hq-wisp-wisp-qknz (from hq)
2026/05/06 04:37:32 Convoy: close detected: hq-wisp-xfe2 (from hq)
2026/05/06 04:38:47 Heartbeat starting (recovery-focused)
2026/05/06 04:38:47 Spawning Boot for triage...
2026/05/06 04:38:51 Boot spawned successfully
2026/05/06 04:38:54 Scheduler dispatch: 
⚠️  WARNING: Town root is on branch 'pr/qa-features' (should be 'main')
   This can cause gt commands to fail. Run: gt doctor --fix

2026/05/06 04:38:54 Heartbeat complete (#103)
2026/05/06 04:39:57 doctor_dog: pouring molecule for agent execution
2026/05/06 04:39:57 dog_molecule: discover steps: parse children JSON for hq-wisp-wisp-1vhsb failed: unrecognized JSON shape: {
  "hq-wisp-wisp-1vhsb": [],
  "schema_version": 1
}
2026/05/06 04:39:57 dog_molecule: poured mol-dog-doctor → hq-wisp-wisp-1vhsb (0 steps)
2026/05/06 04:39:57 doctor_dog: poured mol-dog-doctor → hq-wisp-wisp-1vhsb
2026/05/06 04:39:57 dog_molecule: closeRemainingSteps: parse children JSON for hq-wisp-wisp-1vhsb failed: unrecognized JSON shape: {
  "hq-wisp-wisp-1vhsb": [],
  "schema_version": 1
}
2026/05/06 04:39:57 checkpoint_dog: starting cycle
2026/05/06 04:39:57 dog_molecule: discover steps: parse children JSON for hq-wisp-wisp-pxu7k failed: unrecognized JSON shape: {
  "hq-wisp-wisp-pxu7k": [],
  "schema_version": 1
}
2026/05/06 04:39:57 dog_molecule: poured mol-dog-checkpoint → hq-wisp-wisp-pxu7k (0 steps)
2026/05/06 04:39:57 dog_molecule: closeStep "scan": unknown step (known: [])
2026/05/06 04:39:57 dog_molecule: closeStep "checkpoint": unknown step (known: [])
2026/05/06 04:39:57 checkpoint_dog: cycle complete — scanned 0 worktrees, checkpointed 0
2026/05/06 04:39:57 dog_molecule: closeStep "report": unknown step (known: [])
2026/05/06 04:39:57 dog_molecule: closeRemainingSteps: parse children JSON for hq-wisp-wisp-pxu7k failed: unrecognized JSON shape: {
  "hq-wisp-wisp-pxu7k": [],
  "schema_version": 1
}
2026/05/06 04:40:02 Convoy: close detected: hq-wisp-wisp-pxu7k (from hq)
2026/05/06 04:40:02 Convoy: close detected: hq-wisp-wisp-1vhsb (from hq)
2026/05/06 04:41:54 Heartbeat starting (recovery-focused)
2026/05/06 04:41:54 Spawning Boot for triage...
2026/05/06 04:41:58 Boot spawned successfully
2026/05/06 04:42:02 Scheduler dispatch: 
⚠️  WARNING: Town root is on branch 'pr/qa-features' (should be 'main')
   This can cause gt commands to fail. Run: gt doctor --fix

2026/05/06 04:42:02 Heartbeat complete (#104)
2026/05/06 04:42:32 Convoy: close detected: hq-wisp-wisp-40u6q (from hq)
2026/05/06 04:42:32 Convoy: close detected: hq-wisp-wisp-bwige (from hq)
2026/05/06 04:42:32 Convoy: close detected: hq-wisp-wisp-vc2od (from hq)
2026/05/06 04:42:32 Convoy: close detected: hq-wisp-wisp-1sy2w (from hq)
2026/05/06 04:42:37 Convoy: close detected: hq-wisp-wisp-fyqg (from hq)
2026/05/06 04:42:37 Convoy: close detected: hq-wisp-wisp-89cx (from hq)
2026/05/06 04:42:47 Convoy: close detected: hq-wisp-wisp-sv1if (from hq)
2026/05/06 04:44:12 Convoy: close detected: hq-wisp-wisp-cbcgx (from hq)
2026/05/06 04:44:57 doctor_dog: pouring molecule for agent execution
2026/05/06 04:44:57 dog_molecule: discover steps: parse children JSON for hq-wisp-wisp-8wh4d failed: unrecognized JSON shape: {
  "hq-wisp-wisp-8wh4d": [],
  "schema_version": 1
}
2026/05/06 04:44:57 dog_molecule: poured mol-dog-doctor → hq-wisp-wisp-8wh4d (0 steps)
2026/05/06 04:44:57 doctor_dog: poured mol-dog-doctor → hq-wisp-wisp-8wh4d
2026/05/06 04:44:57 dog_molecule: closeRemainingSteps: parse children JSON for hq-wisp-wisp-8wh4d failed: unrecognized JSON shape: {
  "hq-wisp-wisp-8wh4d": [],
  "schema_version": 1
}
2026/05/06 04:45:02 Convoy: close detected: hq-wisp-wisp-8wh4d (from hq)
2026/05/06 04:45:02 Heartbeat starting (recovery-focused)
2026/05/06 04:45:02 Spawning Boot for triage...
2026/05/06 04:45:06 Boot spawned successfully
2026/05/06 04:45:09 Scheduler dispatch: 
⚠️  WARNING: Town root is on branch 'pr/qa-features' (should be 'main')
   This can cause gt commands to fail. Run: gt doctor --fix

2026/05/06 04:45:09 Heartbeat complete (#105)
2026/05/06 04:45:47 Convoy: close detected: hq-wisp-wisp-mg6vu (from hq)
2026/05/06 04:46:12 Convoy: close detected: hq-wisp-wisp-14ms7 (from hq)
2026/05/06 04:46:17 Convoy: close detected: hq-wisp-wisp-jrry6 (from hq)
2026/05/06 04:46:22 Convoy: close detected: hq-wisp-wisp-07nuq (from hq)
2026/05/06 04:46:22 Convoy: close detected: hq-wisp-wisp-dk8yz (from hq)
2026/05/06 04:46:27 Convoy: close detected: hq-wisp-wisp-93niw (from hq)
2026/05/06 04:46:32 Convoy: close detected: hq-wisp-wisp-64080 (from hq)
2026/05/06 04:46:37 Convoy: close detected: hq-wisp-wisp-rodrp (from hq)
2026/05/06 04:46:47 Convoy: close detected: hq-wisp-wisp-5f06r (from hq)
2026/05/06 04:46:57 Convoy: close detected: hq-wisp-wisp-ivy89 (from hq)
2026/05/06 04:46:57 Convoy: close detected: hq-wisp-wisp-sneky (from hq)
2026/05/06 04:47:02 Convoy: close detected: hq-wisp-wisp-8sex8 (from hq)
2026/05/06 04:47:07 Convoy: close detected: hq-wisp-wisp-zs8m4 (from hq)
2026/05/06 04:47:17 Convoy: close detected: hq-wisp-wisp-ei3q1 (from hq)
2026/05/06 04:47:22 Convoy: close detected: hq-wisp-wisp-io1r2 (from hq)
2026/05/06 04:47:32 Convoy: close detected: hq-wisp-wisp-o9wr6 (from hq)
2026/05/06 04:47:37 Convoy: close detected: hq-wisp-wisp-3jdwc (from hq)
2026/05/06 04:47:42 Convoy: close detected: hq-wisp-wisp-ln1f6 (from hq)
2026/05/06 04:47:52 Convoy: close detected: hq-wisp-wisp-hycej (from hq)
2026/05/06 04:47:57 Convoy: close detected: hq-wisp-wisp-9r1we (from hq)
2026/05/06 04:47:57 Convoy: close detected: hq-wisp-wisp-5xd8p (from hq)
2026/05/06 04:48:07 Convoy: close detected: hq-wisp-wisp-ze7qa (from hq)
2026/05/06 04:48:09 Heartbeat starting (recovery-focused)
2026/05/06 04:48:09 Spawning Boot for triage...
2026/05/06 04:48:14 Boot spawned successfully
2026/05/06 04:48:14 Handler: no dispatchable idle dogs available, deferring remaining plugins
2026/05/06 04:48:17 Scheduler dispatch: 
⚠️  WARNING: Town root is on branch 'pr/qa-features' (should be 'main')
   This can cause gt commands to fail. Run: gt doctor --fix

2026/05/06 04:48:17 Heartbeat complete (#106)
2026/05/06 04:48:22 Convoy: close detected: hq-wisp-wisp-y2qqs (from hq)
2026/05/06 04:48:22 Convoy: close detected: hq-wisp-wisp-7f3ny (from hq)
2026/05/06 04:48:47 Convoy: close detected: hq-wisp-wisp-njmg (from hq)
2026/05/06 04:49:12 Convoy: close detected: hq-wisp-wisp-ijzi3 (from hq)
2026/05/06 04:49:12 Convoy: close detected: hq-wisp-wisp-wh7pb (from hq)
2026/05/06 04:49:57 checkpoint_dog: starting cycle
2026/05/06 04:49:57 dog_molecule: discover steps: parse children JSON for hq-wisp-wisp-7klm4 failed: unrecognized JSON shape: {
  "hq-wisp-wisp-7klm4": [],
  "schema_version": 1
}
2026/05/06 04:49:57 dog_molecule: poured mol-dog-checkpoint → hq-wisp-wisp-7klm4 (0 steps)
2026/05/06 04:49:57 dog_molecule: closeStep "scan": unknown step (known: [])
2026/05/06 04:49:57 dog_molecule: closeStep "checkpoint": unknown step (known: [])
2026/05/06 04:49:57 checkpoint_dog: cycle complete — scanned 0 worktrees, checkpointed 0
2026/05/06 04:49:57 dog_molecule: closeStep "report": unknown step (known: [])
2026/05/06 04:49:57 dog_molecule: closeRemainingSteps: parse children JSON for hq-wisp-wisp-7klm4 failed: unrecognized JSON shape: {
  "hq-wisp-wisp-7klm4": [],
  "schema_version": 1
}
2026/05/06 04:49:57 main_branch_test: starting patrol cycle
2026/05/06 04:49:57 main_branch_test: no rigs found
2026/05/06 04:49:57 dog_molecule: discover steps: parse children JSON for hq-wisp-wisp-jkmu0 failed: unrecognized JSON shape: {
  "hq-wisp-wisp-jkmu0": [],
  "schema_version": 1
}
2026/05/06 04:49:57 dog_molecule: poured mol-dog-jsonl → hq-wisp-wisp-jkmu0 (0 steps)
2026/05/06 04:49:57 jsonl_git_backup: git repo /home/stevef/.dolt-archive/git does not exist, skipping
2026/05/06 04:49:57 dog_molecule: closeRemainingSteps: parse children JSON for hq-wisp-wisp-jkmu0 failed: unrecognized JSON shape: {
  "hq-wisp-wisp-jkmu0": [],
  "schema_version": 1
}
2026/05/06 04:49:57 dog_molecule: discover steps: parse children JSON for hq-wisp-wisp-p4tpo failed: unrecognized JSON shape: {
  "hq-wisp-wisp-p4tpo": [],
  "schema_version": 1
}
2026/05/06 04:49:57 dog_molecule: poured mol-dog-reaper → hq-wisp-wisp-p4tpo (0 steps)
2026/05/06 04:49:57 wisp_reaper: Dog dispatch failed (gt sling: exit status 1), running inline fallback
2026/05/06 04:49:57 wisp_reaper: scanning 5 databases (inline fallback)
2026/05/06 04:49:57 dog_molecule: closeStep "scan": unknown step (known: [])
2026/05/06 04:49:57 dog_molecule: closeStep "reap": unknown step (known: [])
2026/05/06 04:49:57 dog_molecule: closeStep "purge": unknown step (known: [])
2026/05/06 04:49:57 wisp_reaper: hq: closed 1 plugin dispatches
2026/05/06 04:49:57 dog_molecule: closeStep "auto-close": unknown step (known: [])
2026/05/06 04:49:57 wisp_reaper: cycle complete — reaped=0 purged=0 mail_purged=0 plugin_closed=0 dispatch_closed=1 auto_closed=0 open=25 databases=5 dryRun=false
2026/05/06 04:49:57 dog_molecule: closeStep "report": unknown step (known: [])
2026/05/06 04:49:57 dog_molecule: closeRemainingSteps: parse children JSON for hq-wisp-wisp-p4tpo failed: unrecognized JSON shape: {
  "hq-wisp-wisp-p4tpo": [],
  "schema_version": 1
}
2026/05/06 04:49:58 doctor_dog: pouring molecule for agent execution
2026/05/06 04:49:58 dog_molecule: discover steps: parse children JSON for hq-wisp-wisp-kea37 failed: unrecognized JSON shape: {
  "hq-wisp-wisp-kea37": [],
  "schema_version": 1
}
2026/05/06 04:49:58 dog_molecule: poured mol-dog-doctor → hq-wisp-wisp-kea37 (0 steps)
2026/05/06 04:49:58 doctor_dog: poured mol-dog-doctor → hq-wisp-wisp-kea37
2026/05/06 04:49:58 dog_molecule: closeRemainingSteps: parse children JSON for hq-wisp-wisp-kea37 failed: unrecognized JSON shape: {
  "hq-wisp-wisp-kea37": [],
  "schema_version": 1
}
2026/05/06 04:50:02 Convoy: close detected: hq-wisp-wisp-jkmu0 (from hq)
2026/05/06 04:50:02 Convoy: close detected: hq-wisp-wisp-7klm4 (from hq)
2026/05/06 04:50:02 Convoy: close detected: hq-wisp-wisp-kea37 (from hq)
2026/05/06 04:50:02 Convoy: close detected: hq-wisp-wisp-p4tpo (from hq)
2026/05/06 04:51:17 Heartbeat starting (recovery-focused)
2026/05/06 04:51:17 Spawning Boot for triage...
2026/05/06 04:51:21 Boot spawned successfully
2026/05/06 04:51:21 Handler: no dispatchable idle dogs available, deferring remaining plugins
2026/05/06 04:51:22 Convoy: close detected: hq-wisp-lxey (from hq)
2026/05/06 04:51:22 Convoy: close detected: hq-wisp-qhq4 (from hq)
2026/05/06 04:51:23 Scheduler dispatch: 
⚠️  WARNING: Town root is on branch 'pr/qa-features' (should be 'main')
   This can cause gt commands to fail. Run: gt doctor --fix

2026/05/06 04:51:23 Heartbeat complete (#107)
2026/05/06 04:51:27 Convoy: close detected: hq-wisp-gev0 (from hq)
2026/05/06 04:51:52 Convoy: close detected: hq-wisp-wisp-3tod (from hq)
2026/05/06 04:54:12 Convoy: close detected: hq-wisp-wisp-woe0g (from hq)
2026/05/06 04:54:12 Convoy: close detected: hq-wisp-wisp-xczzc (from hq)
2026/05/06 04:54:23 Heartbeat starting (recovery-focused)
2026/05/06 04:54:23 Spawning Boot for triage...
2026/05/06 04:54:28 Boot spawned successfully
2026/05/06 04:54:28 Handler: no dispatchable idle dogs available, deferring remaining plugins
2026/05/06 04:54:31 Scheduler dispatch: 
⚠️  WARNING: Town root is on branch 'pr/qa-features' (should be 'main')
   This can cause gt commands to fail. Run: gt doctor --fix

2026/05/06 04:54:31 Heartbeat complete (#108)
2026/05/06 04:54:57 doctor_dog: pouring molecule for agent execution
2026/05/06 04:54:57 Convoy: close detected: hq-wisp-wisp-u21y (from hq)
2026/05/06 04:55:00 dog_molecule: discover steps: parse children JSON for hq-wisp-wisp-07g0q failed: unrecognized JSON shape: {
  "hq-wisp-wisp-07g0q": [],
  "schema_version": 1
}
2026/05/06 04:55:00 dog_molecule: poured mol-dog-doctor → hq-wisp-wisp-07g0q (0 steps)
2026/05/06 04:55:00 doctor_dog: poured mol-dog-doctor → hq-wisp-wisp-07g0q
2026/05/06 04:55:00 dog_molecule: closeRemainingSteps: parse children JSON for hq-wisp-wisp-07g0q failed: unrecognized JSON shape: {
  "hq-wisp-wisp-07g0q": [],
  "schema_version": 1
}
2026/05/06 04:55:02 Convoy: close detected: hq-wisp-wisp-07g0q (from hq)
2026/05/06 04:57:31 Heartbeat starting (recovery-focused)
2026/05/06 04:57:31 Spawning Boot for triage...
2026/05/06 04:57:35 Boot spawned successfully
2026/05/06 04:57:38 Scheduler dispatch: 
⚠️  WARNING: Town root is on branch 'pr/qa-features' (should be 'main')
   This can cause gt commands to fail. Run: gt doctor --fix

2026/05/06 04:57:38 Heartbeat complete (#109)
2026/05/06 04:58:07 Convoy: close detected: hq-wisp-wisp-n946q (from hq)
2026/05/06 04:59:12 Convoy: close detected: hq-wisp-wisp-ycfrk (from hq)
2026/05/06 04:59:12 Convoy: close detected: hq-wisp-wisp-3tw9s (from hq)
2026/05/06 04:59:17 Convoy: close detected: hq-wisp-wisp-z5zgo (from hq)
2026/05/06 04:59:37 Convoy: close detected: hq-wisp-wisp-ksyz3 (from hq)
2026/05/06 04:59:57 doctor_dog: pouring molecule for agent execution
2026/05/06 04:59:57 dog_molecule: discover steps: parse children JSON for hq-wisp-wisp-w1vbm failed: unrecognized JSON shape: {
  "hq-wisp-wisp-w1vbm": [],
  "schema_version": 1
}
2026/05/06 04:59:57 dog_molecule: poured mol-dog-doctor → hq-wisp-wisp-w1vbm (0 steps)
2026/05/06 04:59:57 doctor_dog: poured mol-dog-doctor → hq-wisp-wisp-w1vbm
2026/05/06 04:59:57 dog_molecule: closeRemainingSteps: parse children JSON for hq-wisp-wisp-w1vbm failed: unrecognized JSON shape: {
  "hq-wisp-wisp-w1vbm": [],
  "schema_version": 1
}
2026/05/06 04:59:57 checkpoint_dog: starting cycle
2026/05/06 04:59:57 dog_molecule: discover steps: parse children JSON for hq-wisp-wisp-fe8yp failed: unrecognized JSON shape: {
  "hq-wisp-wisp-fe8yp": [],
  "schema_version": 1
}
2026/05/06 04:59:57 dog_molecule: poured mol-dog-checkpoint → hq-wisp-wisp-fe8yp (0 steps)
2026/05/06 04:59:57 dog_molecule: closeStep "scan": unknown step (known: [])
2026/05/06 04:59:57 dog_molecule: closeStep "checkpoint": unknown step (known: [])
2026/05/06 04:59:57 checkpoint_dog: cycle complete — scanned 0 worktrees, checkpointed 0
2026/05/06 04:59:57 dog_molecule: closeStep "report": unknown step (known: [])
2026/05/06 04:59:57 dog_molecule: closeRemainingSteps: parse children JSON for hq-wisp-wisp-fe8yp failed: unrecognized JSON shape: {
  "hq-wisp-wisp-fe8yp": [],
  "schema_version": 1
}
2026/05/06 05:00:02 Convoy: close detected: hq-wisp-wisp-fe8yp (from hq)
2026/05/06 05:00:02 Convoy: close detected: hq-wisp-wisp-w1vbm (from hq)
2026/05/06 05:00:38 Heartbeat starting (recovery-focused)
2026/05/06 05:00:38 Spawning Boot for triage...
2026/05/06 05:00:43 Boot spawned successfully
2026/05/06 05:00:43 Handler: no dispatchable idle dogs available, deferring remaining plugins
2026/05/06 05:00:46 Scheduler dispatch: 
⚠️  WARNING: Town root is on branch 'pr/qa-features' (should be 'main')
   This can cause gt commands to fail. Run: gt doctor --fix

2026/05/06 05:00:46 Heartbeat complete (#110)
2026/05/06 05:01:07 Convoy: close detected: hq-wisp-wisp-i9j2 (from hq)
2026/05/06 05:01:27 Convoy: close detected: hq-wisp-kj25 (from hq)
2026/05/06 05:03:46 Heartbeat starting (recovery-focused)
2026/05/06 05:03:46 Spawning Boot for triage...
2026/05/06 05:03:50 Boot spawned successfully
2026/05/06 05:03:53 Scheduler dispatch: 
⚠️  WARNING: Town root is on branch 'pr/qa-features' (should be 'main')
   This can cause gt commands to fail. Run: gt doctor --fix

2026/05/06 05:03:53 Heartbeat complete (#111)
2026/05/06 05:04:12 Convoy: close detected: hq-wisp-wisp-t7ro6 (from hq)
2026/05/06 05:04:52 Convoy: close detected: hq-wisp-wisp-kpnj9 (from hq)
2026/05/06 05:04:57 dog_molecule: discover steps: parse children JSON for hq-wisp-wisp-w6sih failed: unrecognized JSON shape: {
  "hq-wisp-wisp-w6sih": [],
  "schema_version": 1
}
2026/05/06 05:04:57 dog_molecule: poured mol-dog-jsonl → hq-wisp-wisp-w6sih (0 steps)
2026/05/06 05:04:57 jsonl_git_backup: git repo /home/stevef/.dolt-archive/git does not exist, skipping
2026/05/06 05:04:57 dog_molecule: closeRemainingSteps: parse children JSON for hq-wisp-wisp-w6sih failed: unrecognized JSON shape: {
  "hq-wisp-wisp-w6sih": [],
  "schema_version": 1
}
2026/05/06 05:04:57 doctor_dog: pouring molecule for agent execution
2026/05/06 05:04:57 dog_molecule: discover steps: parse children JSON for hq-wisp-wisp-cn1ue failed: unrecognized JSON shape: {
  "hq-wisp-wisp-cn1ue": [],
  "schema_version": 1
}
2026/05/06 05:04:57 dog_molecule: poured mol-dog-doctor → hq-wisp-wisp-cn1ue (0 steps)
2026/05/06 05:04:57 doctor_dog: poured mol-dog-doctor → hq-wisp-wisp-cn1ue
2026/05/06 05:04:57 dog_molecule: closeRemainingSteps: parse children JSON for hq-wisp-wisp-cn1ue failed: unrecognized JSON shape: {
  "hq-wisp-wisp-cn1ue": [],
  "schema_version": 1
}
2026/05/06 05:05:02 Convoy: close detected: hq-wisp-wisp-w6sih (from hq)
2026/05/06 05:05:02 Convoy: close detected: hq-wisp-wisp-cn1ue (from hq)
2026/05/06 05:05:17 Convoy: close detected: hq-wisp-wisp-gue1z (from hq)
2026/05/06 05:06:12 Convoy: close detected: hq-wisp-wisp-c15tb (from hq)
2026/05/06 05:06:12 Convoy: close detected: hq-wisp-wisp-xy479 (from hq)
2026/05/06 05:06:12 Convoy: close detected: hq-wisp-wisp-k9pat (from hq)
2026/05/06 05:06:22 Convoy: close detected: hq-wisp-wisp-ut2zv (from hq)
2026/05/06 05:06:27 Convoy: close detected: hq-wisp-wisp-62co6 (from hq)
2026/05/06 05:06:47 Convoy: close detected: hq-wisp-wisp-dkqqn (from hq)
2026/05/06 05:06:47 Convoy: close detected: hq-wisp-wisp-09hum (from hq)
2026/05/06 05:06:47 Convoy: close detected: hq-wisp-wisp-ovrqm (from hq)
2026/05/06 05:06:53 Heartbeat starting (recovery-focused)
2026/05/06 05:06:53 Spawning Boot for triage...
2026/05/06 05:06:57 Convoy: close detected: hq-wisp-wisp-rmgwz (from hq)
2026/05/06 05:06:57 Boot spawned successfully
2026/05/06 05:06:58 Handler: no dispatchable idle dogs available, deferring remaining plugins
2026/05/06 05:07:00 Scheduler dispatch: 
⚠️  WARNING: Town root is on branch 'pr/qa-features' (should be 'main')
   This can cause gt commands to fail. Run: gt doctor --fix

2026/05/06 05:07:00 Heartbeat complete (#112)
2026/05/06 05:07:02 Convoy: close detected: hq-wisp-wisp-orzjv (from hq)
2026/05/06 05:07:17 Convoy: close detected: hq-wisp-wisp-h0bp (from hq)
2026/05/06 05:07:17 Convoy: close detected: hq-wisp-wisp-2krd (from hq)
2026/05/06 05:07:17 Convoy: close detected: hq-wisp-wisp-9cz6 (from hq)
2026/05/06 05:07:47 Convoy: close detected: hq-wisp-0j86 (from hq)
2026/05/06 05:09:12 Convoy: close detected: hq-wisp-wisp-isbhg (from hq)
2026/05/06 05:09:12 Convoy: close detected: hq-wisp-wisp-no3iz (from hq)
2026/05/06 05:09:12 Convoy: close detected: hq-wisp-wisp-czuqa (from hq)
2026/05/06 05:09:12 Convoy: close detected: hq-wisp-wisp-h965q (from hq)
2026/05/06 05:09:57 doctor_dog: pouring molecule for agent execution
2026/05/06 05:09:57 dog_molecule: discover steps: parse children JSON for hq-wisp-wisp-4fi6x failed: unrecognized JSON shape: {
  "hq-wisp-wisp-4fi6x": [],
  "schema_version": 1
}
2026/05/06 05:09:57 dog_molecule: poured mol-dog-doctor → hq-wisp-wisp-4fi6x (0 steps)
2026/05/06 05:09:57 doctor_dog: poured mol-dog-doctor → hq-wisp-wisp-4fi6x
2026/05/06 05:09:57 dog_molecule: closeRemainingSteps: parse children JSON for hq-wisp-wisp-4fi6x failed: unrecognized JSON shape: {
  "hq-wisp-wisp-4fi6x": [],
  "schema_version": 1
}
2026/05/06 05:09:57 checkpoint_dog: starting cycle
2026/05/06 05:09:57 dog_molecule: discover steps: parse children JSON for hq-wisp-wisp-8zrwf failed: unrecognized JSON shape: {
  "hq-wisp-wisp-8zrwf": [],
  "schema_version": 1
}
2026/05/06 05:09:57 dog_molecule: poured mol-dog-checkpoint → hq-wisp-wisp-8zrwf (0 steps)
2026/05/06 05:09:57 dog_molecule: closeStep "scan": unknown step (known: [])
2026/05/06 05:09:57 dog_molecule: closeStep "checkpoint": unknown step (known: [])
2026/05/06 05:09:57 checkpoint_dog: cycle complete — scanned 0 worktrees, checkpointed 0
2026/05/06 05:09:57 dog_molecule: closeStep "report": unknown step (known: [])
2026/05/06 05:09:57 dog_molecule: closeRemainingSteps: parse children JSON for hq-wisp-wisp-8zrwf failed: unrecognized JSON shape: {
  "hq-wisp-wisp-8zrwf": [],
  "schema_version": 1
}
2026/05/06 05:10:00 Heartbeat starting (recovery-focused)
2026/05/06 05:10:00 Spawning Boot for triage...
2026/05/06 05:10:02 Convoy: close detected: hq-wisp-wisp-8zrwf (from hq)
2026/05/06 05:10:02 Convoy: close detected: hq-wisp-wisp-4fi6x (from hq)
2026/05/06 05:10:05 Boot spawned successfully
2026/05/06 05:10:05 Handler: no dispatchable idle dogs available, deferring remaining plugins
2026/05/06 05:10:07 Scheduler dispatch: 
⚠️  WARNING: Town root is on branch 'pr/qa-features' (should be 'main')
   This can cause gt commands to fail. Run: gt doctor --fix

2026/05/06 05:10:07 Heartbeat complete (#113)
2026/05/06 05:10:27 Convoy: close detected: hq-wisp-wisp-ly37 (from hq)
2026/05/06 05:10:27 Convoy: close detected: hq-wisp-fduw (from hq)
2026/05/06 05:10:27 Convoy: close detected: hq-wisp-w9zw (from hq)
2026/05/06 05:13:07 Heartbeat starting (recovery-focused)
2026/05/06 05:13:07 Spawning Boot for triage...
2026/05/06 05:13:12 Boot spawned successfully
2026/05/06 05:13:12 Handler: no dispatchable idle dogs available, deferring remaining plugins
2026/05/06 05:13:14 Scheduler dispatch: 
⚠️  WARNING: Town root is on branch 'pr/qa-features' (should be 'main')
   This can cause gt commands to fail. Run: gt doctor --fix

2026/05/06 05:13:14 Heartbeat complete (#114)
2026/05/06 05:13:32 Convoy: close detected: hq-wisp-wisp-m6u4 (from hq)
2026/05/06 05:13:32 Convoy: close detected: hq-wisp-wisp-y9ts (from hq)
2026/05/06 05:13:37 Convoy: close detected: hq-wisp-c0zl (from hq)
2026/05/06 05:13:37 Convoy: close detected: hq-wisp-72yh (from hq)
2026/05/06 05:14:12 Convoy: close detected: hq-wisp-wisp-pb3oi (from hq)
2026/05/06 05:14:57 doctor_dog: pouring molecule for agent execution
2026/05/06 05:15:00 dog_molecule: discover steps: parse children JSON for hq-wisp-wisp-33oth failed: unrecognized JSON shape: {
  "hq-wisp-wisp-33oth": [],
  "schema_version": 1
}
2026/05/06 05:15:00 dog_molecule: poured mol-dog-doctor → hq-wisp-wisp-33oth (0 steps)
2026/05/06 05:15:00 doctor_dog: poured mol-dog-doctor → hq-wisp-wisp-33oth
2026/05/06 05:15:00 dog_molecule: closeRemainingSteps: parse children JSON for hq-wisp-wisp-33oth failed: unrecognized JSON shape: {
  "hq-wisp-wisp-33oth": [],
  "schema_version": 1
}
2026/05/06 05:15:02 Convoy: close detected: hq-wisp-wisp-33oth (from hq)
2026/05/06 05:16:14 Heartbeat starting (recovery-focused)
2026/05/06 05:16:14 Spawning Boot for triage...
2026/05/06 05:16:19 Boot spawned successfully
2026/05/06 05:16:22 Scheduler dispatch: 
⚠️  WARNING: Town root is on branch 'pr/qa-features' (should be 'main')
   This can cause gt commands to fail. Run: gt doctor --fix

2026/05/06 05:16:22 Heartbeat complete (#115)
2026/05/06 05:16:37 Convoy: close detected: hq-wisp-wisp-m522q (from hq)
2026/05/06 05:16:57 Convoy: close detected: hq-wisp-wisp-d8r7m (from hq)
2026/05/06 05:17:02 Convoy: close detected: hq-wisp-wisp-7i4qz (from hq)
2026/05/06 05:17:02 Convoy: close detected: hq-wisp-wisp-1tu5g (from hq)
2026/05/06 05:17:32 Convoy: close detected: hq-wisp-wisp-ty1je (from hq)
2026/05/06 05:17:32 Convoy: close detected: hq-wisp-wisp-ruewt (from hq)
2026/05/06 05:17:32 Convoy: close detected: hq-wisp-wisp-igvwg (from hq)
2026/05/06 05:17:42 Convoy: close detected: hq-wisp-wisp-iy6bx (from hq)
2026/05/06 05:17:42 Convoy: close detected: hq-wisp-wisp-8lfwf (from hq)
2026/05/06 05:17:52 Convoy: close detected: hq-wisp-wisp-49wbp (from hq)
2026/05/06 05:17:52 Convoy: close detected: hq-wisp-wisp-zbq54 (from hq)
2026/05/06 05:17:52 Convoy: close detected: hq-wisp-wisp-pff7a (from hq)
2026/05/06 05:18:02 Convoy: close detected: hq-wisp-wisp-7o56q (from hq)
2026/05/06 05:18:02 Convoy: close detected: hq-wisp-wisp-30ye (from hq)
2026/05/06 05:18:07 Convoy: close detected: hq-wisp-wisp-45j0i (from hq)
2026/05/06 05:18:07 Convoy: close detected: hq-wisp-wisp-uwmhr (from hq)
2026/05/06 05:18:17 Convoy: close detected: hq-wisp-wisp-7v2dx (from hq)
2026/05/06 05:18:22 Convoy: close detected: hq-wisp-wisp-8w6g0 (from hq)
2026/05/06 05:18:32 Convoy: close detected: hq-wisp-wisp-1gj9r (from hq)
2026/05/06 05:18:42 Convoy: close detected: hq-wisp-wisp-ond8v (from hq)
2026/05/06 05:18:47 Convoy: close detected: hq-wisp-wisp-eilen (from hq)
2026/05/06 05:18:52 Convoy: close detected: hq-wisp-wisp-h5o5g (from hq)
2026/05/06 05:18:57 Convoy: close detected: hq-wisp-wisp-dg01c (from hq)
2026/05/06 05:19:02 Convoy: close detected: hq-wisp-wisp-yf753 (from hq)
2026/05/06 05:19:12 Convoy: close detected: hq-wisp-wisp-8swvt (from hq)
2026/05/06 05:19:12 Convoy: close detected: hq-wisp-wisp-snytb (from hq)
2026/05/06 05:19:17 Convoy: close detected: hq-wisp-wisp-g7ini (from hq)
2026/05/06 05:19:22 Convoy: close detected: hq-wisp-wisp-7n5g6 (from hq)
2026/05/06 05:19:22 Heartbeat starting (recovery-focused)
2026/05/06 05:19:22 Spawning Boot for triage...
2026/05/06 05:19:26 Boot spawned successfully
2026/05/06 05:19:26 Handler: no dispatchable idle dogs available, deferring remaining plugins
2026/05/06 05:19:27 Convoy: close detected: hq-wisp-wisp-vvzba (from hq)
2026/05/06 05:19:29 Scheduler dispatch: 
⚠️  WARNING: Town root is on branch 'pr/qa-features' (should be 'main')
   This can cause gt commands to fail. Run: gt doctor --fix

2026/05/06 05:19:29 Heartbeat complete (#116)
2026/05/06 05:19:32 Convoy: close detected: hq-wisp-wisp-x28ye (from hq)
2026/05/06 05:19:42 Convoy: close detected: hq-wisp-wisp-0t2i (from hq)
2026/05/06 05:20:00 dog_molecule: discover steps: parse children JSON for hq-wisp-wisp-2yi17 failed: unrecognized JSON shape: {
  "hq-wisp-wisp-2yi17": [],
  "schema_version": 1
}
2026/05/06 05:20:00 dog_molecule: poured mol-dog-reaper → hq-wisp-wisp-2yi17 (0 steps)
2026/05/06 05:20:00 wisp_reaper: Dog dispatch failed (gt sling: exit status 1), running inline fallback
2026/05/06 05:20:00 wisp_reaper: scanning 5 databases (inline fallback)
2026/05/06 05:20:00 dog_molecule: closeStep "scan": unknown step (known: [])
2026/05/06 05:20:00 dog_molecule: closeStep "reap": unknown step (known: [])
2026/05/06 05:20:00 dog_molecule: closeStep "purge": unknown step (known: [])
2026/05/06 05:20:00 dog_molecule: closeStep "auto-close": unknown step (known: [])
2026/05/06 05:20:00 wisp_reaper: cycle complete — reaped=0 purged=0 mail_purged=0 plugin_closed=0 dispatch_closed=0 auto_closed=0 open=28 databases=5 dryRun=false
2026/05/06 05:20:00 dog_molecule: closeStep "report": unknown step (known: [])
2026/05/06 05:20:00 dog_molecule: closeRemainingSteps: parse children JSON for hq-wisp-wisp-2yi17 failed: unrecognized JSON shape: {
  "hq-wisp-wisp-2yi17": [],
  "schema_version": 1
}
2026/05/06 05:20:00 checkpoint_dog: starting cycle
2026/05/06 05:20:00 dog_molecule: discover steps: parse children JSON for hq-wisp-wisp-k9o0l failed: unrecognized JSON shape: {
  "hq-wisp-wisp-k9o0l": [],
  "schema_version": 1
}
2026/05/06 05:20:00 dog_molecule: poured mol-dog-checkpoint → hq-wisp-wisp-k9o0l (0 steps)
2026/05/06 05:20:00 dog_molecule: closeStep "scan": unknown step (known: [])
2026/05/06 05:20:00 dog_molecule: closeStep "checkpoint": unknown step (known: [])
2026/05/06 05:20:00 checkpoint_dog: cycle complete — scanned 0 worktrees, checkpointed 0
2026/05/06 05:20:00 dog_molecule: closeStep "report": unknown step (known: [])
2026/05/06 05:20:00 dog_molecule: closeRemainingSteps: parse children JSON for hq-wisp-wisp-k9o0l failed: unrecognized JSON shape: {
  "hq-wisp-wisp-k9o0l": [],
  "schema_version": 1
}
2026/05/06 05:20:01 dog_molecule: discover steps: parse children JSON for hq-wisp-wisp-hs5qv failed: unrecognized JSON shape: {
  "hq-wisp-wisp-hs5qv": [],
  "schema_version": 1
}
2026/05/06 05:20:01 dog_molecule: poured mol-dog-jsonl → hq-wisp-wisp-hs5qv (0 steps)
2026/05/06 05:20:01 jsonl_git_backup: git repo /home/stevef/.dolt-archive/git does not exist, skipping
2026/05/06 05:20:01 dog_molecule: closeRemainingSteps: parse children JSON for hq-wisp-wisp-hs5qv failed: unrecognized JSON shape: {
  "hq-wisp-wisp-hs5qv": [],
  "schema_version": 1
}
2026/05/06 05:20:01 main_branch_test: starting patrol cycle
2026/05/06 05:20:01 main_branch_test: no rigs found
2026/05/06 05:20:01 doctor_dog: pouring molecule for agent execution
2026/05/06 05:20:01 dog_molecule: discover steps: parse children JSON for hq-wisp-wisp-uhcqy failed: unrecognized JSON shape: {
  "hq-wisp-wisp-uhcqy": [],
  "schema_version": 1
}
2026/05/06 05:20:01 dog_molecule: poured mol-dog-doctor → hq-wisp-wisp-uhcqy (0 steps)
2026/05/06 05:20:01 doctor_dog: poured mol-dog-doctor → hq-wisp-wisp-uhcqy
2026/05/06 05:20:01 dog_molecule: closeRemainingSteps: parse children JSON for hq-wisp-wisp-uhcqy failed: unrecognized JSON shape: {
  "hq-wisp-wisp-uhcqy": [],
  "schema_version": 1
}
2026/05/06 05:20:02 Convoy: close detected: hq-wisp-wisp-2yi17 (from hq)
2026/05/06 05:20:02 Convoy: close detected: hq-wisp-wisp-k9o0l (from hq)
2026/05/06 05:20:02 Convoy: close detected: hq-wisp-wisp-hs5qv (from hq)
2026/05/06 05:20:02 Convoy: close detected: hq-wisp-wisp-uhcqy (from hq)
2026/05/06 05:20:07 Convoy: close detected: hq-wisp-84fv (from hq)
2026/05/06 05:20:07 Convoy: close detected: hq-wisp-0z67 (from hq)
2026/05/06 05:22:29 Heartbeat starting (recovery-focused)
2026/05/06 05:22:29 Spawning Boot for triage...
2026/05/06 05:22:33 Boot spawned successfully
2026/05/06 05:22:34 Handler: no dispatchable idle dogs available, deferring remaining plugins
2026/05/06 05:22:36 Scheduler dispatch: 
⚠️  WARNING: Town root is on branch 'pr/qa-features' (should be 'main')
   This can cause gt commands to fail. Run: gt doctor --fix

2026/05/06 05:22:36 Heartbeat complete (#117)
2026/05/06 05:22:47 Convoy: close detected: hq-wisp-wisp-hthd (from hq)
2026/05/06 05:22:52 Convoy: close detected: hq-wisp-kwtb (from hq)
2026/05/06 05:24:12 Convoy: close detected: hq-wisp-wisp-t6hzj (from hq)
2026/05/06 05:24:12 Convoy: close detected: hq-wisp-wisp-zqs8a (from hq)
2026/05/06 05:24:57 doctor_dog: pouring molecule for agent execution
2026/05/06 05:24:57 dog_molecule: discover steps: parse children JSON for hq-wisp-wisp-b51nh failed: unrecognized JSON shape: {
  "hq-wisp-wisp-b51nh": [],
  "schema_version": 1
}
2026/05/06 05:24:57 dog_molecule: poured mol-dog-doctor → hq-wisp-wisp-b51nh (0 steps)
2026/05/06 05:24:57 doctor_dog: poured mol-dog-doctor → hq-wisp-wisp-b51nh
2026/05/06 05:24:57 dog_molecule: closeRemainingSteps: parse children JSON for hq-wisp-wisp-b51nh failed: unrecognized JSON shape: {
  "hq-wisp-wisp-b51nh": [],
  "schema_version": 1
}
2026/05/06 05:25:02 Convoy: close detected: hq-wisp-wisp-b51nh (from hq)
2026/05/06 05:25:36 Heartbeat starting (recovery-focused)
2026/05/06 05:25:36 Spawning Boot for triage...
2026/05/06 05:25:40 Boot spawned successfully
2026/05/06 05:25:41 Handler: no dispatchable idle dogs available, deferring remaining plugins
2026/05/06 05:25:43 Scheduler dispatch: 
⚠️  WARNING: Town root is on branch 'pr/qa-features' (should be 'main')
   This can cause gt commands to fail. Run: gt doctor --fix

2026/05/06 05:25:43 Heartbeat complete (#118)
2026/05/06 05:25:57 Convoy: close detected: hq-wisp-wisp-m6lx (from hq)
2026/05/06 05:26:02 Convoy: close detected: hq-wisp-s58m (from hq)
2026/05/06 05:28:43 Heartbeat starting (recovery-focused)
2026/05/06 05:28:43 Spawning Boot for triage...
2026/05/06 05:28:48 Boot spawned successfully
2026/05/06 05:28:48 Handler: no dispatchable idle dogs available, deferring remaining plugins
2026/05/06 05:28:51 Scheduler dispatch: 
⚠️  WARNING: Town root is on branch 'pr/qa-features' (should be 'main')
   This can cause gt commands to fail. Run: gt doctor --fix

2026/05/06 05:28:51 Heartbeat complete (#119)
2026/05/06 05:29:02 Convoy: close detected: hq-wisp-wisp-p828 (from hq)
2026/05/06 05:29:12 Convoy: close detected: hq-wisp-wisp-1trgk (from hq)
2026/05/06 05:29:12 Convoy: close detected: hq-wisp-wisp-ik4va (from hq)
2026/05/06 05:29:22 Convoy: close detected: hq-wisp-sv5f (from hq)
2026/05/06 05:29:57 doctor_dog: pouring molecule for agent execution
2026/05/06 05:29:57 dog_molecule: discover steps: parse children JSON for hq-wisp-wisp-v6yk0 failed: unrecognized JSON shape: {
  "hq-wisp-wisp-v6yk0": [],
  "schema_version": 1
}
2026/05/06 05:29:57 dog_molecule: poured mol-dog-doctor → hq-wisp-wisp-v6yk0 (0 steps)
2026/05/06 05:29:57 doctor_dog: poured mol-dog-doctor → hq-wisp-wisp-v6yk0
2026/05/06 05:29:57 dog_molecule: closeRemainingSteps: parse children JSON for hq-wisp-wisp-v6yk0 failed: unrecognized JSON shape: {
  "hq-wisp-wisp-v6yk0": [],
  "schema_version": 1
}
2026/05/06 05:29:57 checkpoint_dog: starting cycle
2026/05/06 05:29:57 dog_molecule: discover steps: parse children JSON for hq-wisp-wisp-kekgb failed: unrecognized JSON shape: {
  "hq-wisp-wisp-kekgb": [],
  "schema_version": 1
}
2026/05/06 05:29:57 dog_molecule: poured mol-dog-checkpoint → hq-wisp-wisp-kekgb (0 steps)
2026/05/06 05:29:57 dog_molecule: closeStep "scan": unknown step (known: [])
2026/05/06 05:29:57 dog_molecule: closeStep "checkpoint": unknown step (known: [])
2026/05/06 05:29:57 checkpoint_dog: cycle complete — scanned 0 worktrees, checkpointed 0
2026/05/06 05:29:57 dog_molecule: closeStep "report": unknown step (known: [])
2026/05/06 05:29:57 dog_molecule: closeRemainingSteps: parse children JSON for hq-wisp-wisp-kekgb failed: unrecognized JSON shape: {
  "hq-wisp-wisp-kekgb": [],
  "schema_version": 1
}
2026/05/06 05:30:02 Convoy: close detected: hq-wisp-wisp-v6yk0 (from hq)
2026/05/06 05:30:02 Convoy: close detected: hq-wisp-wisp-kekgb (from hq)
2026/05/06 05:31:51 Heartbeat starting (recovery-focused)
2026/05/06 05:31:51 Spawning Boot for triage...
2026/05/06 05:31:55 Boot spawned successfully
2026/05/06 05:31:56 Handler: no dispatchable idle dogs available, deferring remaining plugins
2026/05/06 05:31:58 Scheduler dispatch: 
⚠️  WARNING: Town root is on branch 'pr/qa-features' (should be 'main')
   This can cause gt commands to fail. Run: gt doctor --fix

2026/05/06 05:31:58 Heartbeat complete (#120)
2026/05/06 05:32:07 Convoy: close detected: hq-wisp-wisp-p08o (from hq)
2026/05/06 05:32:07 Convoy: close detected: hq-wisp-wisp-30qw (from hq)
2026/05/06 05:32:12 Convoy: close detected: hq-wisp-oon1 (from hq)
2026/05/06 05:34:12 Convoy: close detected: hq-wisp-wisp-lm839 (from hq)
2026/05/06 05:34:57 dog_molecule: discover steps: parse children JSON for hq-wisp-wisp-emgd1 failed: unrecognized JSON shape: {
  "hq-wisp-wisp-emgd1": [],
  "schema_version": 1
}
2026/05/06 05:34:57 dog_molecule: poured mol-dog-jsonl → hq-wisp-wisp-emgd1 (0 steps)
2026/05/06 05:34:57 jsonl_git_backup: git repo /home/stevef/.dolt-archive/git does not exist, skipping
2026/05/06 05:34:57 dog_molecule: closeRemainingSteps: parse children JSON for hq-wisp-wisp-emgd1 failed: unrecognized JSON shape: {
  "hq-wisp-wisp-emgd1": [],
  "schema_version": 1
}
2026/05/06 05:34:57 doctor_dog: pouring molecule for agent execution
2026/05/06 05:34:57 dog_molecule: discover steps: parse children JSON for hq-wisp-wisp-yxhwm failed: unrecognized JSON shape: {
  "hq-wisp-wisp-yxhwm": [],
  "schema_version": 1
}
2026/05/06 05:34:57 dog_molecule: poured mol-dog-doctor → hq-wisp-wisp-yxhwm (0 steps)
2026/05/06 05:34:57 doctor_dog: poured mol-dog-doctor → hq-wisp-wisp-yxhwm
2026/05/06 05:34:57 dog_molecule: closeRemainingSteps: parse children JSON for hq-wisp-wisp-yxhwm failed: unrecognized JSON shape: {
  "hq-wisp-wisp-yxhwm": [],
  "schema_version": 1
}
2026/05/06 05:34:58 Heartbeat starting (recovery-focused)
2026/05/06 05:34:58 Spawning Boot for triage...
2026/05/06 05:35:02 Convoy: close detected: hq-wisp-wisp-emgd1 (from hq)
2026/05/06 05:35:02 Convoy: close detected: hq-wisp-wisp-yxhwm (from hq)
2026/05/06 05:35:02 Boot spawned successfully
2026/05/06 05:35:03 Handler: no dispatchable idle dogs available, deferring remaining plugins
2026/05/06 05:35:05 Scheduler dispatch: 
⚠️  WARNING: Town root is on branch 'pr/qa-features' (should be 'main')
   This can cause gt commands to fail. Run: gt doctor --fix

2026/05/06 05:35:05 Heartbeat complete (#121)
2026/05/06 05:35:17 Convoy: close detected: hq-wisp-wisp-9fwb (from hq)
2026/05/06 05:37:17 Convoy: close detected: hq-wisp-x15t (from hq)
2026/05/06 05:37:17 Convoy: close detected: hq-wisp-tnwd (from hq)
2026/05/06 05:38:05 Heartbeat starting (recovery-focused)
2026/05/06 05:38:05 Spawning Boot for triage...
2026/05/06 05:38:09 Boot spawned successfully
2026/05/06 05:38:10 Handler: no dispatchable idle dogs available, deferring remaining plugins
2026/05/06 05:38:12 Scheduler dispatch: 
⚠️  WARNING: Town root is on branch 'pr/qa-features' (should be 'main')
   This can cause gt commands to fail. Run: gt doctor --fix

2026/05/06 05:38:12 Heartbeat complete (#122)
2026/05/06 05:38:22 Convoy: close detected: hq-wisp-wisp-04f3 (from hq)
2026/05/06 05:38:22 Convoy: close detected: hq-wisp-wisp-yn0i (from hq)
2026/05/06 05:38:22 Convoy: close detected: hq-wisp-wisp-bode (from hq)
2026/05/06 05:38:32 Convoy: close detected: hq-wisp-ts3k (from hq)
2026/05/06 05:39:12 Convoy: close detected: hq-wisp-wisp-q5zsh (from hq)
2026/05/06 05:39:12 Convoy: close detected: hq-wisp-wisp-j0me7 (from hq)
2026/05/06 05:39:12 Convoy: close detected: hq-wisp-wisp-hzpnn (from hq)
2026/05/06 05:39:12 Convoy: close detected: hq-wisp-wisp-auukl (from hq)
2026/05/06 05:39:57 doctor_dog: pouring molecule for agent execution
2026/05/06 05:39:57 dog_molecule: discover steps: parse children JSON for hq-wisp-wisp-ix4sj failed: unrecognized JSON shape: {
  "hq-wisp-wisp-ix4sj": [],
  "schema_version": 1
}
2026/05/06 05:39:57 dog_molecule: poured mol-dog-doctor → hq-wisp-wisp-ix4sj (0 steps)
2026/05/06 05:39:57 doctor_dog: poured mol-dog-doctor → hq-wisp-wisp-ix4sj
2026/05/06 05:39:57 dog_molecule: closeRemainingSteps: parse children JSON for hq-wisp-wisp-ix4sj failed: unrecognized JSON shape: {
  "hq-wisp-wisp-ix4sj": [],
  "schema_version": 1
}
2026/05/06 05:39:57 checkpoint_dog: starting cycle
2026/05/06 05:39:57 dog_molecule: discover steps: parse children JSON for hq-wisp-wisp-sk3tl failed: unrecognized JSON shape: {
  "hq-wisp-wisp-sk3tl": [],
  "schema_version": 1
}
2026/05/06 05:39:57 dog_molecule: poured mol-dog-checkpoint → hq-wisp-wisp-sk3tl (0 steps)
2026/05/06 05:39:57 dog_molecule: closeStep "scan": unknown step (known: [])
2026/05/06 05:39:57 dog_molecule: closeStep "checkpoint": unknown step (known: [])
2026/05/06 05:39:57 checkpoint_dog: cycle complete — scanned 0 worktrees, checkpointed 0
2026/05/06 05:39:57 dog_molecule: closeStep "report": unknown step (known: [])
2026/05/06 05:39:57 dog_molecule: closeRemainingSteps: parse children JSON for hq-wisp-wisp-sk3tl failed: unrecognized JSON shape: {
  "hq-wisp-wisp-sk3tl": [],
  "schema_version": 1
}
2026/05/06 05:40:02 Convoy: close detected: hq-wisp-wisp-sk3tl (from hq)
2026/05/06 05:40:02 Convoy: close detected: hq-wisp-wisp-ix4sj (from hq)
2026/05/06 05:41:12 Heartbeat starting (recovery-focused)
2026/05/06 05:41:12 Spawning Boot for triage...
2026/05/06 05:41:17 Boot spawned successfully
2026/05/06 05:41:17 Handler: no dispatchable idle dogs available, deferring remaining plugins
2026/05/06 05:41:20 Scheduler dispatch: 
⚠️  WARNING: Town root is on branch 'pr/qa-features' (should be 'main')
   This can cause gt commands to fail. Run: gt doctor --fix

2026/05/06 05:41:20 Heartbeat complete (#123)
2026/05/06 05:41:27 Convoy: close detected: hq-wisp-wisp-pzyh (from hq)
2026/05/06 05:43:07 Convoy: close detected: hq-wisp-qev0 (from hq)
2026/05/06 05:43:07 Convoy: close detected: hq-wisp-sek3 (from hq)
2026/05/06 05:44:12 Convoy: close detected: hq-wisp-wisp-x9wyn (from hq)
2026/05/06 05:44:20 Heartbeat starting (recovery-focused)
2026/05/06 05:44:20 Spawning Boot for triage...
2026/05/06 05:44:24 Boot spawned successfully
2026/05/06 05:44:24 Handler: no dispatchable idle dogs available, deferring remaining plugins
2026/05/06 05:44:27 Scheduler dispatch: 
⚠️  WARNING: Town root is on branch 'pr/qa-features' (should be 'main')
   This can cause gt commands to fail. Run: gt doctor --fix

2026/05/06 05:44:27 Heartbeat complete (#124)
2026/05/06 05:44:32 Convoy: close detected: hq-wisp-wisp-ppqe (from hq)
2026/05/06 05:44:32 Convoy: close detected: hq-wisp-wisp-twid (from hq)
2026/05/06 05:44:37 Convoy: close detected: hq-wisp-fav0 (from hq)
2026/05/06 05:44:37 Convoy: close detected: hq-wisp-wobj (from hq)
2026/05/06 05:44:57 doctor_dog: pouring molecule for agent execution
2026/05/06 05:45:00 dog_molecule: discover steps: parse children JSON for hq-wisp-wisp-89gag failed: unrecognized JSON shape: {
  "hq-wisp-wisp-89gag": [],
  "schema_version": 1
}
2026/05/06 05:45:00 dog_molecule: poured mol-dog-doctor → hq-wisp-wisp-89gag (0 steps)
2026/05/06 05:45:00 doctor_dog: poured mol-dog-doctor → hq-wisp-wisp-89gag
2026/05/06 05:45:00 dog_molecule: closeRemainingSteps: parse children JSON for hq-wisp-wisp-89gag failed: unrecognized JSON shape: {
  "hq-wisp-wisp-89gag": [],
  "schema_version": 1
}
2026/05/06 05:45:02 Convoy: close detected: hq-wisp-wisp-89gag (from hq)
2026/05/06 05:47:27 Heartbeat starting (recovery-focused)
2026/05/06 05:47:27 Spawning Boot for triage...
2026/05/06 05:47:31 Boot spawned successfully
2026/05/06 05:47:34 Scheduler dispatch: 
⚠️  WARNING: Town root is on branch 'pr/qa-features' (should be 'main')
   This can cause gt commands to fail. Run: gt doctor --fix

2026/05/06 05:47:34 Heartbeat complete (#125)
2026/05/06 05:48:57 Convoy: close detected: hq-wisp-wisp-ngld5 (from hq)
2026/05/06 05:48:57 Convoy: close detected: hq-wisp-wisp-nvtwv (from hq)
2026/05/06 05:49:02 Convoy: close detected: hq-wisp-wisp-tgcax (from hq)
2026/05/06 05:49:02 Convoy: close detected: hq-wisp-wisp-nr1ou (from hq)
2026/05/06 05:49:07 Convoy: close detected: hq-wisp-wisp-dh2d7 (from hq)
2026/05/06 05:49:12 Convoy: close detected: hq-wisp-wisp-zv2ko (from hq)
2026/05/06 05:49:12 Convoy: close detected: hq-wisp-wisp-cd1f1 (from hq)
2026/05/06 05:49:12 Convoy: close detected: hq-wisp-wisp-si8bj (from hq)
2026/05/06 05:49:32 Convoy: close detected: hq-wisp-wisp-rrgm3 (from hq)
2026/05/06 05:49:42 Convoy: close detected: hq-wisp-wisp-gqncm (from hq)
2026/05/06 05:49:52 Convoy: close detected: hq-wisp-wisp-48gpx (from hq)
2026/05/06 05:49:57 main_branch_test: starting patrol cycle
2026/05/06 05:49:57 main_branch_test: no rigs found
2026/05/06 05:49:57 Convoy: close detected: hq-wisp-wisp-yxmjm (from hq)
2026/05/06 05:49:57 dog_molecule: discover steps: parse children JSON for hq-wisp-wisp-06ob3 failed: unrecognized JSON shape: {
  "hq-wisp-wisp-06ob3": [],
  "schema_version": 1
}
2026/05/06 05:49:57 dog_molecule: poured mol-dog-reaper → hq-wisp-wisp-06ob3 (0 steps)
2026/05/06 05:49:57 wisp_reaper: Dog dispatch failed (gt sling: exit status 1), running inline fallback
2026/05/06 05:49:57 wisp_reaper: scanning 5 databases (inline fallback)
2026/05/06 05:49:57 dog_molecule: closeStep "scan": unknown step (known: [])
2026/05/06 05:49:57 dog_molecule: closeStep "reap": unknown step (known: [])
2026/05/06 05:49:57 dog_molecule: closeStep "purge": unknown step (known: [])
2026/05/06 05:49:57 wisp_reaper: hq: closed 1 plugin dispatches
2026/05/06 05:49:57 dog_molecule: closeStep "auto-close": unknown step (known: [])
2026/05/06 05:49:57 wisp_reaper: cycle complete — reaped=0 purged=0 mail_purged=0 plugin_closed=0 dispatch_closed=1 auto_closed=0 open=28 databases=5 dryRun=false
2026/05/06 05:49:57 dog_molecule: closeStep "report": unknown step (known: [])
2026/05/06 05:50:00 dog_molecule: closeRemainingSteps: parse children JSON for hq-wisp-wisp-06ob3 failed: unrecognized JSON shape: {
  "hq-wisp-wisp-06ob3": [],
  "schema_version": 1
}
2026/05/06 05:50:00 doctor_dog: pouring molecule for agent execution
2026/05/06 05:50:00 dog_molecule: discover steps: parse children JSON for hq-wisp-wisp-qtzwl failed: unrecognized JSON shape: {
  "hq-wisp-wisp-qtzwl": [],
  "schema_version": 1
}
2026/05/06 05:50:00 dog_molecule: poured mol-dog-doctor → hq-wisp-wisp-qtzwl (0 steps)
2026/05/06 05:50:00 doctor_dog: poured mol-dog-doctor → hq-wisp-wisp-qtzwl
2026/05/06 05:50:00 dog_molecule: closeRemainingSteps: parse children JSON for hq-wisp-wisp-qtzwl failed: unrecognized JSON shape: {
  "hq-wisp-wisp-qtzwl": [],
  "schema_version": 1
}
2026/05/06 05:50:00 checkpoint_dog: starting cycle
2026/05/06 05:50:01 dog_molecule: discover steps: parse children JSON for hq-wisp-wisp-bf2zy failed: unrecognized JSON shape: {
  "hq-wisp-wisp-bf2zy": [],
  "schema_version": 1
}
2026/05/06 05:50:01 dog_molecule: poured mol-dog-checkpoint → hq-wisp-wisp-bf2zy (0 steps)
2026/05/06 05:50:01 dog_molecule: closeStep "scan": unknown step (known: [])
2026/05/06 05:50:01 dog_molecule: closeStep "checkpoint": unknown step (known: [])
2026/05/06 05:50:01 checkpoint_dog: cycle complete — scanned 0 worktrees, checkpointed 0
2026/05/06 05:50:01 dog_molecule: closeStep "report": unknown step (known: [])
2026/05/06 05:50:01 dog_molecule: closeRemainingSteps: parse children JSON for hq-wisp-wisp-bf2zy failed: unrecognized JSON shape: {
  "hq-wisp-wisp-bf2zy": [],
  "schema_version": 1
}
2026/05/06 05:50:01 dog_molecule: discover steps: parse children JSON for hq-wisp-wisp-nojzn failed: unrecognized JSON shape: {
  "hq-wisp-wisp-nojzn": [],
  "schema_version": 1
}
2026/05/06 05:50:01 dog_molecule: poured mol-dog-jsonl → hq-wisp-wisp-nojzn (0 steps)
2026/05/06 05:50:01 jsonl_git_backup: git repo /home/stevef/.dolt-archive/git does not exist, skipping
2026/05/06 05:50:01 dog_molecule: closeRemainingSteps: parse children JSON for hq-wisp-wisp-nojzn failed: unrecognized JSON shape: {
  "hq-wisp-wisp-nojzn": [],
  "schema_version": 1
}
2026/05/06 05:50:02 Convoy: close detected: hq-wisp-wisp-06ob3 (from hq)
2026/05/06 05:50:02 Convoy: close detected: hq-wisp-wisp-qtzwl (from hq)
2026/05/06 05:50:02 Convoy: close detected: hq-wisp-wisp-nojzn (from hq)
2026/05/06 05:50:02 Convoy: close detected: hq-wisp-wisp-bf2zy (from hq)
2026/05/06 05:50:17 Convoy: close detected: hq-wisp-wisp-6o5m7 (from hq)
2026/05/06 05:50:22 Convoy: close detected: hq-wisp-wisp-w1qbt (from hq)
2026/05/06 05:50:22 Convoy: close detected: hq-wisp-wisp-b2rnp (from hq)
2026/05/06 05:50:22 Convoy: close detected: hq-wisp-wisp-2j8sl (from hq)
2026/05/06 05:50:32 Convoy: close detected: hq-wisp-wisp-6gn2h (from hq)
2026/05/06 05:50:32 Convoy: close detected: hq-wisp-wisp-1qwnm (from hq)
2026/05/06 05:50:32 Convoy: close detected: hq-wisp-wisp-fs6fa (from hq)
2026/05/06 05:50:32 Convoy: close detected: hq-wisp-wisp-9wrcv (from hq)
2026/05/06 05:50:32 Convoy: close detected: hq-wisp-wisp-ohnn7 (from hq)
2026/05/06 05:50:34 Heartbeat starting (recovery-focused)
2026/05/06 05:50:34 Spawning Boot for triage...
2026/05/06 05:50:39 Boot spawned successfully
2026/05/06 05:50:42 Convoy: close detected: hq-wisp-wisp-nfog (from hq)
2026/05/06 05:50:42 Scheduler dispatch: 
⚠️  WARNING: Town root is on branch 'pr/qa-features' (should be 'main')
   This can cause gt commands to fail. Run: gt doctor --fix

2026/05/06 05:50:42 Heartbeat complete (#126)
2026/05/06 05:52:42 Convoy: event poll error (hq): begin read tx: invalid connection
2026/05/06 05:52:42 Convoy: poll backoff → 10s
2026/05/06 05:52:50 Received reload-restart signal, reloading restart tracker from disk
2026/05/06 05:52:52 Convoy: event poll error (hq): get events since 2026-05-06 05:50:36 +0000 UTC: Error 1146 (HY000): table not found: events
2026/05/06 05:52:52 Convoy: poll backoff → 20s
2026/05/06 05:52:57 Convoy: stranded scan failed: ⚠️  WARNING: Town root is on branch 'pr/qa-features' (should be 'main')
2026/05/06 05:53:12 Convoy: poll recovered, interval reset to 5s
2026/05/06 05:53:42 Convoy: close detected: hq-wisp-wisp-j7zq (from hq)
2026/05/06 05:53:42 Heartbeat starting (recovery-focused)
2026/05/06 05:53:42 Spawning Boot for triage...
2026/05/06 05:53:46 Boot spawned successfully
2026/05/06 05:53:50 Scheduler dispatch: 
⚠️  WARNING: Town root is on branch 'pr/qa-features' (should be 'main')
   This can cause gt commands to fail. Run: gt doctor --fix

2026/05/06 05:53:50 Heartbeat complete (#127)
2026/05/06 05:54:02 Convoy: close detected: hq-wisp-gtb8 (from hq)
2026/05/06 05:54:12 Convoy: close detected: hq-wisp-wisp-fit4o (from hq)
2026/05/06 05:54:12 Convoy: close detected: hq-wisp-wisp-pfdho (from hq)
2026/05/06 05:54:57 doctor_dog: pouring molecule for agent execution
2026/05/06 05:54:57 dog_molecule: discover steps: parse children JSON for hq-wisp-wisp-acpsb failed: unrecognized JSON shape: {
  "hq-wisp-wisp-acpsb": [],
  "schema_version": 1
}
2026/05/06 05:54:57 dog_molecule: poured mol-dog-doctor → hq-wisp-wisp-acpsb (0 steps)
2026/05/06 05:54:57 doctor_dog: poured mol-dog-doctor → hq-wisp-wisp-acpsb
2026/05/06 05:54:57 dog_molecule: closeRemainingSteps: parse children JSON for hq-wisp-wisp-acpsb failed: unrecognized JSON shape: {
  "hq-wisp-wisp-acpsb": [],
  "schema_version": 1
}
2026/05/06 05:55:02 Convoy: close detected: hq-wisp-wisp-acpsb (from hq)
2026/05/06 05:56:50 Heartbeat starting (recovery-focused)
2026/05/06 05:56:50 Spawning Boot for triage...
2026/05/06 05:56:52 Convoy: close detected: hq-wisp-wisp-qg3r (from hq)
2026/05/06 05:56:54 Boot spawned successfully
2026/05/06 05:56:57 Convoy: close detected: hq-wisp-9pts (from hq)
2026/05/06 05:57:01 Scheduler dispatch: 
⚠️  WARNING: Town root is on branch 'pr/qa-features' (should be 'main')
   This can cause gt commands to fail. Run: gt doctor --fix

2026/05/06 05:57:01 Heartbeat complete (#128)
